date,geoName,country_id,trends_covid
2020-01-01,Albania,AL,0
2020-01-01,Austria,AT,0
2020-01-01,Belgium,BE,0
2020-01-01,Bulgaria,BG,0
2020-01-01,Croatia,HR,0
2020-01-01,Cyprus,CY,0
2020-01-01,Czechia,CZ,0
2020-01-01,Denmark,DK,0
2020-01-01,Estonia,EE,0
2020-01-01,Finland,FI,0
2020-01-01,France,FR,14
2020-01-01,Germany,DE,0
2020-01-01,Hungary,HU,0
2020-01-01,Iceland,IS,0
2020-01-01,Ireland,IE,0
2020-01-01,Italy,IT,19
2020-01-01,Latvia,LV,0
2020-01-01,Liechtenstein,LI,0
2020-01-01,Lithuania,LT,0
2020-01-01,Luxembourg,LU,0
2020-01-01,Malta,MT,0
2020-01-01,Montenegro,ME,0
2020-01-01,Netherlands,NL,0
2020-01-01,North Macedonia,MK,0
2020-01-01,Norway,NO,0
2020-01-01,Poland,PL,0
2020-01-01,Portugal,PT,0
2020-01-01,Romania,RO,100
2020-01-01,Serbia,RS,0
2020-01-01,Slovakia,SK,0
2020-01-01,Slovenia,SI,0
2020-01-01,Spain,ES,0
2020-01-01,Sweden,SE,0
2020-01-01,Switzerland,CH,0
2020-01-01,Turkey,TR,0
2020-01-02,Albania,AL,0
2020-01-02,Austria,AT,0
2020-01-02,Belgium,BE,0
2020-01-02,Bulgaria,BG,0
2020-01-02,Croatia,HR,0
2020-01-02,Cyprus,CY,0
2020-01-02,Czechia,CZ,0
2020-01-02,Denmark,DK,0
2020-01-02,Estonia,EE,0
2020-01-02,Finland,FI,0
2020-01-02,France,FR,2
2020-01-02,Germany,DE,2
2020-01-02,Hungary,HU,0
2020-01-02,Iceland,IS,0
2020-01-02,Ireland,IE,0
2020-01-02,Italy,IT,3
2020-01-02,Latvia,LV,0
2020-01-02,Liechtenstein,LI,0
2020-01-02,Lithuania,LT,0
2020-01-02,Luxembourg,LU,0
2020-01-02,Malta,MT,0
2020-01-02,Montenegro,ME,0
2020-01-02,Netherlands,NL,0
2020-01-02,North Macedonia,MK,0
2020-01-02,Norway,NO,0
2020-01-02,Poland,PL,0
2020-01-02,Portugal,PT,18
2020-01-02,Romania,RO,15
2020-01-02,Serbia,RS,0
2020-01-02,Slovakia,SK,0
2020-01-02,Slovenia,SI,0
2020-01-02,Spain,ES,0
2020-01-02,Sweden,SE,0
2020-01-02,Switzerland,CH,0
2020-01-02,Turkey,TR,0
2020-01-03,Albania,AL,0
2020-01-03,Austria,AT,0
2020-01-03,Belgium,BE,15
2020-01-03,Bulgaria,BG,0
2020-01-03,Croatia,HR,0
2020-01-03,Cyprus,CY,0
2020-01-03,Czechia,CZ,0
2020-01-03,Denmark,DK,0
2020-01-03,Estonia,EE,0
2020-01-03,Finland,FI,24
2020-01-03,France,FR,3
2020-01-03,Germany,DE,0
2020-01-03,Hungary,HU,0
2020-01-03,Iceland,IS,0
2020-01-03,Ireland,IE,0
2020-01-03,Italy,IT,0
2020-01-03,Latvia,LV,0
2020-01-03,Liechtenstein,LI,0
2020-01-03,Lithuania,LT,0
2020-01-03,Luxembourg,LU,0
2020-01-03,Malta,MT,0
2020-01-03,Montenegro,ME,0
2020-01-03,Netherlands,NL,0
2020-01-03,North Macedonia,MK,0
2020-01-03,Norway,NO,0
2020-01-03,Poland,PL,0
2020-01-03,Portugal,PT,0
2020-01-03,Romania,RO,0
2020-01-03,Serbia,RS,0
2020-01-03,Slovakia,SK,0
2020-01-03,Slovenia,SI,0
2020-01-03,Spain,ES,0
2020-01-03,Sweden,SE,14
2020-01-03,Switzerland,CH,0
2020-01-03,Turkey,TR,0
2020-01-04,Albania,AL,0
2020-01-04,Austria,AT,0
2020-01-04,Belgium,BE,0
2020-01-04,Bulgaria,BG,0
2020-01-04,Croatia,HR,0
2020-01-04,Cyprus,CY,0
2020-01-04,Czechia,CZ,0
2020-01-04,Denmark,DK,0
2020-01-04,Estonia,EE,0
2020-01-04,Finland,FI,0
2020-01-04,France,FR,0
2020-01-04,Germany,DE,1
2020-01-04,Hungary,HU,0
2020-01-04,Iceland,IS,0
2020-01-04,Ireland,IE,0
2020-01-04,Italy,IT,2
2020-01-04,Latvia,LV,0
2020-01-04,Liechtenstein,LI,0
2020-01-04,Lithuania,LT,0
2020-01-04,Luxembourg,LU,0
2020-01-04,Malta,MT,0
2020-01-04,Montenegro,ME,0
2020-01-04,Netherlands,NL,0
2020-01-04,North Macedonia,MK,0
2020-01-04,Norway,NO,0
2020-01-04,Poland,PL,0
2020-01-04,Portugal,PT,0
2020-01-04,Romania,RO,0
2020-01-04,Serbia,RS,0
2020-01-04,Slovakia,SK,0
2020-01-04,Slovenia,SI,0
2020-01-04,Spain,ES,0
2020-01-04,Sweden,SE,0
2020-01-04,Switzerland,CH,0
2020-01-04,Turkey,TR,2
2020-01-05,Albania,AL,0
2020-01-05,Austria,AT,0
2020-01-05,Belgium,BE,6
2020-01-05,Bulgaria,BG,0
2020-01-05,Croatia,HR,0
2020-01-05,Cyprus,CY,0
2020-01-05,Czechia,CZ,0
2020-01-05,Denmark,DK,0
2020-01-05,Estonia,EE,0
2020-01-05,Finland,FI,0
2020-01-05,France,FR,1
2020-01-05,Germany,DE,0
2020-01-05,Hungary,HU,0
2020-01-05,Iceland,IS,0
2020-01-05,Ireland,IE,0
2020-01-05,Italy,IT,0
2020-01-05,Latvia,LV,0
2020-01-05,Liechtenstein,LI,0
2020-01-05,Lithuania,LT,0
2020-01-05,Luxembourg,LU,0
2020-01-05,Malta,MT,0
2020-01-05,Montenegro,ME,0
2020-01-05,Netherlands,NL,3
2020-01-05,North Macedonia,MK,0
2020-01-05,Norway,NO,0
2020-01-05,Poland,PL,0
2020-01-05,Portugal,PT,0
2020-01-05,Romania,RO,8
2020-01-05,Serbia,RS,0
2020-01-05,Slovakia,SK,0
2020-01-05,Slovenia,SI,0
2020-01-05,Spain,ES,2
2020-01-05,Sweden,SE,0
2020-01-05,Switzerland,CH,0
2020-01-05,Turkey,TR,0
2020-01-06,Albania,AL,0
2020-01-06,Austria,AT,0
2020-01-06,Belgium,BE,0
2020-01-06,Bulgaria,BG,0
2020-01-06,Croatia,HR,0
2020-01-06,Cyprus,CY,0
2020-01-06,Czechia,CZ,0
2020-01-06,Denmark,DK,0
2020-01-06,Estonia,EE,0
2020-01-06,Finland,FI,0
2020-01-06,France,FR,0
2020-01-06,Germany,DE,0
2020-01-06,Hungary,HU,0
2020-01-06,Iceland,IS,0
2020-01-06,Ireland,IE,0
2020-01-06,Italy,IT,0
2020-01-06,Latvia,LV,0
2020-01-06,Liechtenstein,LI,0
2020-01-06,Lithuania,LT,0
2020-01-06,Luxembourg,LU,0
2020-01-06,Malta,MT,0
2020-01-06,Montenegro,ME,0
2020-01-06,Netherlands,NL,1
2020-01-06,North Macedonia,MK,0
2020-01-06,Norway,NO,0
2020-01-06,Poland,PL,0
2020-01-06,Portugal,PT,0
2020-01-06,Romania,RO,0
2020-01-06,Serbia,RS,0
2020-01-06,Slovakia,SK,0
2020-01-06,Slovenia,SI,0
2020-01-06,Spain,ES,0
2020-01-06,Sweden,SE,0
2020-01-06,Switzerland,CH,0
2020-01-06,Turkey,TR,0
2020-01-07,Albania,AL,0
2020-01-07,Austria,AT,10
2020-01-07,Belgium,BE,0
2020-01-07,Bulgaria,BG,0
2020-01-07,Croatia,HR,0
2020-01-07,Cyprus,CY,0
2020-01-07,Czechia,CZ,0
2020-01-07,Denmark,DK,0
2020-01-07,Estonia,EE,0
2020-01-07,Finland,FI,0
2020-01-07,France,FR,1
2020-01-07,Germany,DE,1
2020-01-07,Hungary,HU,0
2020-01-07,Iceland,IS,0
2020-01-07,Ireland,IE,0
2020-01-07,Italy,IT,2
2020-01-07,Latvia,LV,0
2020-01-07,Liechtenstein,LI,0
2020-01-07,Lithuania,LT,0
2020-01-07,Luxembourg,LU,0
2020-01-07,Malta,MT,0
2020-01-07,Montenegro,ME,0
2020-01-07,Netherlands,NL,0
2020-01-07,North Macedonia,MK,0
2020-01-07,Norway,NO,15
2020-01-07,Poland,PL,0
2020-01-07,Portugal,PT,14
2020-01-07,Romania,RO,0
2020-01-07,Serbia,RS,0
2020-01-07,Slovakia,SK,0
2020-01-07,Slovenia,SI,0
2020-01-07,Spain,ES,0
2020-01-07,Sweden,SE,8
2020-01-07,Switzerland,CH,10
2020-01-07,Turkey,TR,2
2020-01-08,Albania,AL,0
2020-01-08,Austria,AT,0
2020-01-08,Belgium,BE,0
2020-01-08,Bulgaria,BG,0
2020-01-08,Croatia,HR,0
2020-01-08,Cyprus,CY,0
2020-01-08,Czechia,CZ,0
2020-01-08,Denmark,DK,0
2020-01-08,Estonia,EE,0
2020-01-08,Finland,FI,83
2020-01-08,France,FR,17
2020-01-08,Germany,DE,10
2020-01-08,Hungary,HU,83
2020-01-08,Iceland,IS,0
2020-01-08,Ireland,IE,0
2020-01-08,Italy,IT,12
2020-01-08,Latvia,LV,0
2020-01-08,Liechtenstein,LI,0
2020-01-08,Lithuania,LT,0
2020-01-08,Luxembourg,LU,0
2020-01-08,Malta,MT,0
2020-01-08,Montenegro,ME,0
2020-01-08,Netherlands,NL,0
2020-01-08,North Macedonia,MK,0
2020-01-08,Norway,NO,0
2020-01-08,Poland,PL,0
2020-01-08,Portugal,PT,0
2020-01-08,Romania,RO,0
2020-01-08,Serbia,RS,0
2020-01-08,Slovakia,SK,0
2020-01-08,Slovenia,SI,0
2020-01-08,Spain,ES,13
2020-01-08,Sweden,SE,48
2020-01-08,Switzerland,CH,0
2020-01-08,Turkey,TR,0
2020-01-09,Albania,AL,0
2020-01-09,Austria,AT,7
2020-01-09,Belgium,BE,3
2020-01-09,Bulgaria,BG,0
2020-01-09,Croatia,HR,0
2020-01-09,Cyprus,CY,0
2020-01-09,Czechia,CZ,0
2020-01-09,Denmark,DK,5
2020-01-09,Estonia,EE,0
2020-01-09,Finland,FI,0
2020-01-09,France,FR,1
2020-01-09,Germany,DE,2
2020-01-09,Hungary,HU,0
2020-01-09,Iceland,IS,0
2020-01-09,Ireland,IE,10
2020-01-09,Italy,IT,0
2020-01-09,Latvia,LV,0
2020-01-09,Liechtenstein,LI,0
2020-01-09,Lithuania,LT,0
2020-01-09,Luxembourg,LU,0
2020-01-09,Malta,MT,0
2020-01-09,Montenegro,ME,0
2020-01-09,Netherlands,NL,1
2020-01-09,North Macedonia,MK,0
2020-01-09,Norway,NO,0
2020-01-09,Poland,PL,1
2020-01-09,Portugal,PT,4
2020-01-09,Romania,RO,0
2020-01-09,Serbia,RS,0
2020-01-09,Slovakia,SK,0
2020-01-09,Slovenia,SI,0
2020-01-09,Spain,ES,1
2020-01-09,Sweden,SE,3
2020-01-09,Switzerland,CH,3
2020-01-09,Turkey,TR,1
2020-01-10,Albania,AL,0
2020-01-10,Austria,AT,1
2020-01-10,Belgium,BE,1
2020-01-10,Bulgaria,BG,0
2020-01-10,Croatia,HR,0
2020-01-10,Cyprus,CY,0
2020-01-10,Czechia,CZ,0
2020-01-10,Denmark,DK,0
2020-01-10,Estonia,EE,0
2020-01-10,Finland,FI,2
2020-01-10,France,FR,0
2020-01-10,Germany,DE,1
2020-01-10,Hungary,HU,2
2020-01-10,Iceland,IS,0
2020-01-10,Ireland,IE,0
2020-01-10,Italy,IT,0
2020-01-10,Latvia,LV,0
2020-01-10,Liechtenstein,LI,0
2020-01-10,Lithuania,LT,0
2020-01-10,Luxembourg,LU,0
2020-01-10,Malta,MT,0
2020-01-10,Montenegro,ME,0
2020-01-10,Netherlands,NL,1
2020-01-10,North Macedonia,MK,0
2020-01-10,Norway,NO,2
2020-01-10,Poland,PL,0
2020-01-10,Portugal,PT,0
2020-01-10,Romania,RO,0
2020-01-10,Serbia,RS,0
2020-01-10,Slovakia,SK,0
2020-01-10,Slovenia,SI,0
2020-01-10,Spain,ES,0
2020-01-10,Sweden,SE,0
2020-01-10,Switzerland,CH,1
2020-01-10,Turkey,TR,0
2020-01-11,Albania,AL,0
2020-01-11,Austria,AT,3
2020-01-11,Belgium,BE,0
2020-01-11,Bulgaria,BG,0
2020-01-11,Croatia,HR,8
2020-01-11,Cyprus,CY,33
2020-01-11,Czechia,CZ,0
2020-01-11,Denmark,DK,7
2020-01-11,Estonia,EE,0
2020-01-11,Finland,FI,4
2020-01-11,France,FR,1
2020-01-11,Germany,DE,8
2020-01-11,Hungary,HU,0
2020-01-11,Iceland,IS,0
2020-01-11,Ireland,IE,4
2020-01-11,Italy,IT,1
2020-01-11,Latvia,LV,0
2020-01-11,Liechtenstein,LI,0
2020-01-11,Lithuania,LT,0
2020-01-11,Luxembourg,LU,0
2020-01-11,Malta,MT,0
2020-01-11,Montenegro,ME,71
2020-01-11,Netherlands,NL,3
2020-01-11,North Macedonia,MK,0
2020-01-11,Norway,NO,0
2020-01-11,Poland,PL,0
2020-01-11,Portugal,PT,0
2020-01-11,Romania,RO,3
2020-01-11,Serbia,RS,0
2020-01-11,Slovakia,SK,0
2020-01-11,Slovenia,SI,0
2020-01-11,Spain,ES,1
2020-01-11,Sweden,SE,2
2020-01-11,Switzerland,CH,3
2020-01-11,Turkey,TR,0
2020-01-12,Albania,AL,0
2020-01-12,Austria,AT,1
2020-01-12,Belgium,BE,1
2020-01-12,Bulgaria,BG,0
2020-01-12,Croatia,HR,0
2020-01-12,Cyprus,CY,0
2020-01-12,Czechia,CZ,0
2020-01-12,Denmark,DK,1
2020-01-12,Estonia,EE,0
2020-01-12,Finland,FI,1
2020-01-12,France,FR,0
2020-01-12,Germany,DE,0
2020-01-12,Hungary,HU,0
2020-01-12,Iceland,IS,0
2020-01-12,Ireland,IE,1
2020-01-12,Italy,IT,0
2020-01-12,Latvia,LV,0
2020-01-12,Liechtenstein,LI,0
2020-01-12,Lithuania,LT,0
2020-01-12,Luxembourg,LU,0
2020-01-12,Malta,MT,0
2020-01-12,Montenegro,ME,0
2020-01-12,Netherlands,NL,1
2020-01-12,North Macedonia,MK,0
2020-01-12,Norway,NO,3
2020-01-12,Poland,PL,0
2020-01-12,Portugal,PT,0
2020-01-12,Romania,RO,0
2020-01-12,Serbia,RS,0
2020-01-12,Slovakia,SK,0
2020-01-12,Slovenia,SI,0
2020-01-12,Spain,ES,0
2020-01-12,Sweden,SE,2
2020-01-12,Switzerland,CH,0
2020-01-12,Turkey,TR,0
2020-01-13,Albania,AL,0
2020-01-13,Austria,AT,0
2020-01-13,Belgium,BE,0
2020-01-13,Bulgaria,BG,0
2020-01-13,Croatia,HR,0
2020-01-13,Cyprus,CY,0
2020-01-13,Czechia,CZ,1
2020-01-13,Denmark,DK,0
2020-01-13,Estonia,EE,0
2020-01-13,Finland,FI,1
2020-01-13,France,FR,0
2020-01-13,Germany,DE,0
2020-01-13,Hungary,HU,0
2020-01-13,Iceland,IS,0
2020-01-13,Ireland,IE,0
2020-01-13,Italy,IT,0
2020-01-13,Latvia,LV,0
2020-01-13,Liechtenstein,LI,100
2020-01-13,Lithuania,LT,0
2020-01-13,Luxembourg,LU,0
2020-01-13,Malta,MT,0
2020-01-13,Montenegro,ME,0
2020-01-13,Netherlands,NL,0
2020-01-13,North Macedonia,MK,0
2020-01-13,Norway,NO,1
2020-01-13,Poland,PL,0
2020-01-13,Portugal,PT,0
2020-01-13,Romania,RO,0
2020-01-13,Serbia,RS,0
2020-01-13,Slovakia,SK,0
2020-01-13,Slovenia,SI,2
2020-01-13,Spain,ES,0
2020-01-13,Sweden,SE,0
2020-01-13,Switzerland,CH,1
2020-01-13,Turkey,TR,0
2020-01-14,Albania,AL,0
2020-01-14,Austria,AT,5
2020-01-14,Belgium,BE,0
2020-01-14,Bulgaria,BG,5
2020-01-14,Croatia,HR,0
2020-01-14,Cyprus,CY,0
2020-01-14,Czechia,CZ,0
2020-01-14,Denmark,DK,0
2020-01-14,Estonia,EE,0
2020-01-14,Finland,FI,3
2020-01-14,France,FR,3
2020-01-14,Germany,DE,1
2020-01-14,Hungary,HU,0
2020-01-14,Iceland,IS,0
2020-01-14,Ireland,IE,5
2020-01-14,Italy,IT,0
2020-01-14,Latvia,LV,0
2020-01-14,Liechtenstein,LI,0
2020-01-14,Lithuania,LT,0
2020-01-14,Luxembourg,LU,0
2020-01-14,Malta,MT,0
2020-01-14,Montenegro,ME,0
2020-01-14,Netherlands,NL,2
2020-01-14,North Macedonia,MK,0
2020-01-14,Norway,NO,4
2020-01-14,Poland,PL,0
2020-01-14,Portugal,PT,10
2020-01-14,Romania,RO,2
2020-01-14,Serbia,RS,0
2020-01-14,Slovakia,SK,0
2020-01-14,Slovenia,SI,0
2020-01-14,Spain,ES,1
2020-01-14,Sweden,SE,4
2020-01-14,Switzerland,CH,2
2020-01-14,Turkey,TR,1
2020-01-15,Albania,AL,0
2020-01-15,Austria,AT,4
2020-01-15,Belgium,BE,0
2020-01-15,Bulgaria,BG,8
2020-01-15,Croatia,HR,0
2020-01-15,Cyprus,CY,0
2020-01-15,Czechia,CZ,5
2020-01-15,Denmark,DK,0
2020-01-15,Estonia,EE,0
2020-01-15,Finland,FI,0
2020-01-15,France,FR,2
2020-01-15,Germany,DE,1
2020-01-15,Hungary,HU,0
2020-01-15,Iceland,IS,100
2020-01-15,Ireland,IE,6
2020-01-15,Italy,IT,1
2020-01-15,Latvia,LV,0
2020-01-15,Liechtenstein,LI,0
2020-01-15,Lithuania,LT,0
2020-01-15,Luxembourg,LU,0
2020-01-15,Malta,MT,0
2020-01-15,Montenegro,ME,0
2020-01-15,Netherlands,NL,3
2020-01-15,North Macedonia,MK,0
2020-01-15,Norway,NO,0
2020-01-15,Poland,PL,0
2020-01-15,Portugal,PT,15
2020-01-15,Romania,RO,14
2020-01-15,Serbia,RS,0
2020-01-15,Slovakia,SK,0
2020-01-15,Slovenia,SI,0
2020-01-15,Spain,ES,2
2020-01-15,Sweden,SE,6
2020-01-15,Switzerland,CH,5
2020-01-15,Turkey,TR,0
2020-01-16,Albania,AL,0
2020-01-16,Austria,AT,2
2020-01-16,Belgium,BE,1
2020-01-16,Bulgaria,BG,0
2020-01-16,Croatia,HR,0
2020-01-16,Cyprus,CY,0
2020-01-16,Czechia,CZ,0
2020-01-16,Denmark,DK,5
2020-01-16,Estonia,EE,0
2020-01-16,Finland,FI,7
2020-01-16,France,FR,1
2020-01-16,Germany,DE,1
2020-01-16,Hungary,HU,2
2020-01-16,Iceland,IS,0
2020-01-16,Ireland,IE,3
2020-01-16,Italy,IT,0
2020-01-16,Latvia,LV,0
2020-01-16,Liechtenstein,LI,0
2020-01-16,Lithuania,LT,0
2020-01-16,Luxembourg,LU,16
2020-01-16,Malta,MT,55
2020-01-16,Montenegro,ME,0
2020-01-16,Netherlands,NL,2
2020-01-16,North Macedonia,MK,16
2020-01-16,Norway,NO,2
2020-01-16,Poland,PL,0
2020-01-16,Portugal,PT,6
2020-01-16,Romania,RO,5
2020-01-16,Serbia,RS,0
2020-01-16,Slovakia,SK,0
2020-01-16,Slovenia,SI,6
2020-01-16,Spain,ES,1
2020-01-16,Sweden,SE,5
2020-01-16,Switzerland,CH,2
2020-01-16,Turkey,TR,0
2020-01-17,Albania,AL,0
2020-01-17,Austria,AT,0
2020-01-17,Belgium,BE,0
2020-01-17,Bulgaria,BG,0
2020-01-17,Croatia,HR,0
2020-01-17,Cyprus,CY,0
2020-01-17,Czechia,CZ,0
2020-01-17,Denmark,DK,1
2020-01-17,Estonia,EE,0
2020-01-17,Finland,FI,0
2020-01-17,France,FR,0
2020-01-17,Germany,DE,1
2020-01-17,Hungary,HU,0
2020-01-17,Iceland,IS,0
2020-01-17,Ireland,IE,0
2020-01-17,Italy,IT,0
2020-01-17,Latvia,LV,0
2020-01-17,Liechtenstein,LI,0
2020-01-17,Lithuania,LT,0
2020-01-17,Luxembourg,LU,0
2020-01-17,Malta,MT,0
2020-01-17,Montenegro,ME,0
2020-01-17,Netherlands,NL,1
2020-01-17,North Macedonia,MK,0
2020-01-17,Norway,NO,0
2020-01-17,Poland,PL,0
2020-01-17,Portugal,PT,0
2020-01-17,Romania,RO,1
2020-01-17,Serbia,RS,0
2020-01-17,Slovakia,SK,0
2020-01-17,Slovenia,SI,0
2020-01-17,Spain,ES,0
2020-01-17,Sweden,SE,2
2020-01-17,Switzerland,CH,1
2020-01-17,Turkey,TR,0
2020-01-18,Albania,AL,0
2020-01-18,Austria,AT,1
2020-01-18,Belgium,BE,0
2020-01-18,Bulgaria,BG,0
2020-01-18,Croatia,HR,0
2020-01-18,Cyprus,CY,0
2020-01-18,Czechia,CZ,0
2020-01-18,Denmark,DK,2
2020-01-18,Estonia,EE,0
2020-01-18,Finland,FI,1
2020-01-18,France,FR,0
2020-01-18,Germany,DE,1
2020-01-18,Hungary,HU,0
2020-01-18,Iceland,IS,0
2020-01-18,Ireland,IE,1
2020-01-18,Italy,IT,0
2020-01-18,Latvia,LV,0
2020-01-18,Liechtenstein,LI,0
2020-01-18,Lithuania,LT,1
2020-01-18,Luxembourg,LU,0
2020-01-18,Malta,MT,0
2020-01-18,Montenegro,ME,0
2020-01-18,Netherlands,NL,2
2020-01-18,North Macedonia,MK,0
2020-01-18,Norway,NO,1
2020-01-18,Poland,PL,0
2020-01-18,Portugal,PT,1
2020-01-18,Romania,RO,0
2020-01-18,Serbia,RS,1
2020-01-18,Slovakia,SK,0
2020-01-18,Slovenia,SI,0
2020-01-18,Spain,ES,0
2020-01-18,Sweden,SE,1
2020-01-18,Switzerland,CH,2
2020-01-18,Turkey,TR,0
2020-01-19,Albania,AL,0
2020-01-19,Austria,AT,1
2020-01-19,Belgium,BE,1
2020-01-19,Bulgaria,BG,0
2020-01-19,Croatia,HR,1
2020-01-19,Cyprus,CY,3
2020-01-19,Czechia,CZ,0
2020-01-19,Denmark,DK,0
2020-01-19,Estonia,EE,2
2020-01-19,Finland,FI,1
2020-01-19,France,FR,0
2020-01-19,Germany,DE,1
2020-01-19,Hungary,HU,0
2020-01-19,Iceland,IS,0
2020-01-19,Ireland,IE,1
2020-01-19,Italy,IT,1
2020-01-19,Latvia,LV,2
2020-01-19,Liechtenstein,LI,0
2020-01-19,Lithuania,LT,0
2020-01-19,Luxembourg,LU,0
2020-01-19,Malta,MT,0
2020-01-19,Montenegro,ME,0
2020-01-19,Netherlands,NL,1
2020-01-19,North Macedonia,MK,0
2020-01-19,Norway,NO,1
2020-01-19,Poland,PL,0
2020-01-19,Portugal,PT,1
2020-01-19,Romania,RO,0
2020-01-19,Serbia,RS,0
2020-01-19,Slovakia,SK,0
2020-01-19,Slovenia,SI,0
2020-01-19,Spain,ES,0
2020-01-19,Sweden,SE,1
2020-01-19,Switzerland,CH,1
2020-01-19,Turkey,TR,0
2020-01-20,Albania,AL,5
2020-01-20,Austria,AT,6
2020-01-20,Belgium,BE,3
2020-01-20,Bulgaria,BG,2
2020-01-20,Croatia,HR,2
2020-01-20,Cyprus,CY,4
2020-01-20,Czechia,CZ,1
2020-01-20,Denmark,DK,3
2020-01-20,Estonia,EE,3
2020-01-20,Finland,FI,4
2020-01-20,France,FR,3
2020-01-20,Germany,DE,11
2020-01-20,Hungary,HU,0
2020-01-20,Iceland,IS,0
2020-01-20,Ireland,IE,4
2020-01-20,Italy,IT,2
2020-01-20,Latvia,LV,2
2020-01-20,Liechtenstein,LI,0
2020-01-20,Lithuania,LT,1
2020-01-20,Luxembourg,LU,7
2020-01-20,Malta,MT,31
2020-01-20,Montenegro,ME,0
2020-01-20,Netherlands,NL,9
2020-01-20,North Macedonia,MK,4
2020-01-20,Norway,NO,3
2020-01-20,Poland,PL,0
2020-01-20,Portugal,PT,4
2020-01-20,Romania,RO,3
2020-01-20,Serbia,RS,2
2020-01-20,Slovakia,SK,1
2020-01-20,Slovenia,SI,2
2020-01-20,Spain,ES,2
2020-01-20,Sweden,SE,9
2020-01-20,Switzerland,CH,4
2020-01-20,Turkey,TR,0
2020-01-21,Albania,AL,1
2020-01-21,Austria,AT,2
2020-01-21,Belgium,BE,2
2020-01-21,Bulgaria,BG,0
2020-01-21,Croatia,HR,1
2020-01-21,Cyprus,CY,1
2020-01-21,Czechia,CZ,0
2020-01-21,Denmark,DK,1
2020-01-21,Estonia,EE,1
2020-01-21,Finland,FI,1
2020-01-21,France,FR,2
2020-01-21,Germany,DE,3
2020-01-21,Hungary,HU,0
2020-01-21,Iceland,IS,2
2020-01-21,Ireland,IE,2
2020-01-21,Italy,IT,2
2020-01-21,Latvia,LV,1
2020-01-21,Liechtenstein,LI,0
2020-01-21,Lithuania,LT,0
2020-01-21,Luxembourg,LU,5
2020-01-21,Malta,MT,5
2020-01-21,Montenegro,ME,2
2020-01-21,Netherlands,NL,4
2020-01-21,North Macedonia,MK,1
2020-01-21,Norway,NO,2
2020-01-21,Poland,PL,0
2020-01-21,Portugal,PT,2
2020-01-21,Romania,RO,1
2020-01-21,Serbia,RS,1
2020-01-21,Slovakia,SK,0
2020-01-21,Slovenia,SI,1
2020-01-21,Spain,ES,3
2020-01-21,Sweden,SE,2
2020-01-21,Switzerland,CH,2
2020-01-21,Turkey,TR,0
2020-01-22,Albania,AL,1
2020-01-22,Austria,AT,2
2020-01-22,Belgium,BE,1
2020-01-22,Bulgaria,BG,0
2020-01-22,Croatia,HR,0
2020-01-22,Cyprus,CY,1
2020-01-22,Czechia,CZ,0
2020-01-22,Denmark,DK,1
2020-01-22,Estonia,EE,1
2020-01-22,Finland,FI,1
2020-01-22,France,FR,1
2020-01-22,Germany,DE,2
2020-01-22,Hungary,HU,0
2020-01-22,Iceland,IS,1
2020-01-22,Ireland,IE,2
2020-01-22,Italy,IT,1
2020-01-22,Latvia,LV,0
2020-01-22,Liechtenstein,LI,5
2020-01-22,Lithuania,LT,0
2020-01-22,Luxembourg,LU,2
2020-01-22,Malta,MT,2
2020-01-22,Montenegro,ME,1
2020-01-22,Netherlands,NL,1
2020-01-22,North Macedonia,MK,1
2020-01-22,Norway,NO,1
2020-01-22,Poland,PL,0
2020-01-22,Portugal,PT,1
2020-01-22,Romania,RO,1
2020-01-22,Serbia,RS,0
2020-01-22,Slovakia,SK,0
2020-01-22,Slovenia,SI,0
2020-01-22,Spain,ES,1
2020-01-22,Sweden,SE,2
2020-01-22,Switzerland,CH,2
2020-01-22,Turkey,TR,0
2020-01-23,Albania,AL,1
2020-01-23,Austria,AT,3
2020-01-23,Belgium,BE,2
2020-01-23,Bulgaria,BG,0
2020-01-23,Croatia,HR,1
2020-01-23,Cyprus,CY,1
2020-01-23,Czechia,CZ,1
2020-01-23,Denmark,DK,2
2020-01-23,Estonia,EE,1
2020-01-23,Finland,FI,1
2020-01-23,France,FR,3
2020-01-23,Germany,DE,2
2020-01-23,Hungary,HU,0
2020-01-23,Iceland,IS,1
2020-01-23,Ireland,IE,5
2020-01-23,Italy,IT,3
2020-01-23,Latvia,LV,1
2020-01-23,Liechtenstein,LI,0
2020-01-23,Lithuania,LT,1
2020-01-23,Luxembourg,LU,2
2020-01-23,Malta,MT,3
2020-01-23,Montenegro,ME,1
2020-01-23,Netherlands,NL,2
2020-01-23,North Macedonia,MK,1
2020-01-23,Norway,NO,2
2020-01-23,Poland,PL,0
2020-01-23,Portugal,PT,2
2020-01-23,Romania,RO,2
2020-01-23,Serbia,RS,1
2020-01-23,Slovakia,SK,1
2020-01-23,Slovenia,SI,1
2020-01-23,Spain,ES,3
2020-01-23,Sweden,SE,3
2020-01-23,Switzerland,CH,3
2020-01-23,Turkey,TR,1
2020-01-24,Albania,AL,7
2020-01-24,Austria,AT,13
2020-01-24,Belgium,BE,17
2020-01-24,Bulgaria,BG,2
2020-01-24,Croatia,HR,6
2020-01-24,Cyprus,CY,7
2020-01-24,Czechia,CZ,4
2020-01-24,Denmark,DK,6
2020-01-24,Estonia,EE,4
2020-01-24,Finland,FI,8
2020-01-24,France,FR,26
2020-01-24,Germany,DE,10
2020-01-24,Hungary,HU,2
2020-01-24,Iceland,IS,9
2020-01-24,Ireland,IE,16
2020-01-24,Italy,IT,7
2020-01-24,Latvia,LV,2
2020-01-24,Liechtenstein,LI,15
2020-01-24,Lithuania,LT,2
2020-01-24,Luxembourg,LU,21
2020-01-24,Malta,MT,15
2020-01-24,Montenegro,ME,6
2020-01-24,Netherlands,NL,18
2020-01-24,North Macedonia,MK,4
2020-01-24,Norway,NO,10
2020-01-24,Poland,PL,1
2020-01-24,Portugal,PT,11
2020-01-24,Romania,RO,8
2020-01-24,Serbia,RS,2
2020-01-24,Slovakia,SK,4
2020-01-24,Slovenia,SI,3
2020-01-24,Spain,ES,14
2020-01-24,Sweden,SE,14
2020-01-24,Switzerland,CH,13
2020-01-24,Turkey,TR,2
2020-01-25,Albania,AL,5
2020-01-25,Austria,AT,12
2020-01-25,Belgium,BE,15
2020-01-25,Bulgaria,BG,1
2020-01-25,Croatia,HR,4
2020-01-25,Cyprus,CY,5
2020-01-25,Czechia,CZ,4
2020-01-25,Denmark,DK,5
2020-01-25,Estonia,EE,3
2020-01-25,Finland,FI,2
2020-01-25,France,FR,20
2020-01-25,Germany,DE,10
2020-01-25,Hungary,HU,2
2020-01-25,Iceland,IS,5
2020-01-25,Ireland,IE,9
2020-01-25,Italy,IT,7
2020-01-25,Latvia,LV,2
2020-01-25,Liechtenstein,LI,13
2020-01-25,Lithuania,LT,2
2020-01-25,Luxembourg,LU,13
2020-01-25,Malta,MT,16
2020-01-25,Montenegro,ME,2
2020-01-25,Netherlands,NL,13
2020-01-25,North Macedonia,MK,3
2020-01-25,Norway,NO,6
2020-01-25,Poland,PL,1
2020-01-25,Portugal,PT,12
2020-01-25,Romania,RO,8
2020-01-25,Serbia,RS,2
2020-01-25,Slovakia,SK,4
2020-01-25,Slovenia,SI,4
2020-01-25,Spain,ES,9
2020-01-25,Sweden,SE,7
2020-01-25,Switzerland,CH,12
2020-01-25,Turkey,TR,1
2020-01-26,Albania,AL,7
2020-01-26,Austria,AT,23
2020-01-26,Belgium,BE,11
2020-01-26,Bulgaria,BG,2
2020-01-26,Croatia,HR,6
2020-01-26,Cyprus,CY,5
2020-01-26,Czechia,CZ,7
2020-01-26,Denmark,DK,6
2020-01-26,Estonia,EE,6
2020-01-26,Finland,FI,3
2020-01-26,France,FR,16
2020-01-26,Germany,DE,13
2020-01-26,Hungary,HU,3
2020-01-26,Iceland,IS,8
2020-01-26,Ireland,IE,11
2020-01-26,Italy,IT,9
2020-01-26,Latvia,LV,5
2020-01-26,Liechtenstein,LI,18
2020-01-26,Lithuania,LT,3
2020-01-26,Luxembourg,LU,16
2020-01-26,Malta,MT,16
2020-01-26,Montenegro,ME,3
2020-01-26,Netherlands,NL,11
2020-01-26,North Macedonia,MK,7
2020-01-26,Norway,NO,8
2020-01-26,Poland,PL,1
2020-01-26,Portugal,PT,11
2020-01-26,Romania,RO,9
2020-01-26,Serbia,RS,2
2020-01-26,Slovakia,SK,7
2020-01-26,Slovenia,SI,4
2020-01-26,Spain,ES,9
2020-01-26,Sweden,SE,12
2020-01-26,Switzerland,CH,21
2020-01-26,Turkey,TR,2
2020-01-27,Albania,AL,1
2020-01-27,Austria,AT,3
2020-01-27,Belgium,BE,2
2020-01-27,Bulgaria,BG,0
2020-01-27,Croatia,HR,1
2020-01-27,Cyprus,CY,1
2020-01-27,Czechia,CZ,2
2020-01-27,Denmark,DK,1
2020-01-27,Estonia,EE,1
2020-01-27,Finland,FI,1
2020-01-27,France,FR,3
2020-01-27,Germany,DE,2
2020-01-27,Hungary,HU,1
2020-01-27,Iceland,IS,2
2020-01-27,Ireland,IE,2
2020-01-27,Italy,IT,2
2020-01-27,Latvia,LV,0
2020-01-27,Liechtenstein,LI,4
2020-01-27,Lithuania,LT,0
2020-01-27,Luxembourg,LU,3
2020-01-27,Malta,MT,2
2020-01-27,Montenegro,ME,0
2020-01-27,Netherlands,NL,2
2020-01-27,North Macedonia,MK,1
2020-01-27,Norway,NO,1
2020-01-27,Poland,PL,0
2020-01-27,Portugal,PT,1
2020-01-27,Romania,RO,2
2020-01-27,Serbia,RS,0
2020-01-27,Slovakia,SK,1
2020-01-27,Slovenia,SI,1
2020-01-27,Spain,ES,2
2020-01-27,Sweden,SE,3
2020-01-27,Switzerland,CH,3
2020-01-27,Turkey,TR,0
2020-01-28,Albania,AL,7
2020-01-28,Austria,AT,14
2020-01-28,Belgium,BE,8
2020-01-28,Bulgaria,BG,2
2020-01-28,Croatia,HR,5
2020-01-28,Cyprus,CY,3
2020-01-28,Czechia,CZ,7
2020-01-28,Denmark,DK,14
2020-01-28,Estonia,EE,4
2020-01-28,Finland,FI,3
2020-01-28,France,FR,12
2020-01-28,Germany,DE,23
2020-01-28,Hungary,HU,4
2020-01-28,Iceland,IS,10
2020-01-28,Ireland,IE,12
2020-01-28,Italy,IT,16
2020-01-28,Latvia,LV,4
2020-01-28,Liechtenstein,LI,23
2020-01-28,Lithuania,LT,2
2020-01-28,Luxembourg,LU,16
2020-01-28,Malta,MT,12
2020-01-28,Montenegro,ME,3
2020-01-28,Netherlands,NL,15
2020-01-28,North Macedonia,MK,7
2020-01-28,Norway,NO,5
2020-01-28,Poland,PL,2
2020-01-28,Portugal,PT,6
2020-01-28,Romania,RO,8
2020-01-28,Serbia,RS,2
2020-01-28,Slovakia,SK,5
2020-01-28,Slovenia,SI,4
2020-01-28,Spain,ES,12
2020-01-28,Sweden,SE,9
2020-01-28,Switzerland,CH,15
2020-01-28,Turkey,TR,2
2020-01-29,Albania,AL,1
2020-01-29,Austria,AT,1
2020-01-29,Belgium,BE,1
2020-01-29,Bulgaria,BG,0
2020-01-29,Croatia,HR,1
2020-01-29,Cyprus,CY,0
2020-01-29,Czechia,CZ,0
2020-01-29,Denmark,DK,1
2020-01-29,Estonia,EE,1
2020-01-29,Finland,FI,1
2020-01-29,France,FR,1
2020-01-29,Germany,DE,2
2020-01-29,Hungary,HU,1
2020-01-29,Iceland,IS,1
2020-01-29,Ireland,IE,1
2020-01-29,Italy,IT,2
2020-01-29,Latvia,LV,1
2020-01-29,Liechtenstein,LI,2
2020-01-29,Lithuania,LT,0
2020-01-29,Luxembourg,LU,2
2020-01-29,Malta,MT,2
2020-01-29,Montenegro,ME,0
2020-01-29,Netherlands,NL,1
2020-01-29,North Macedonia,MK,0
2020-01-29,Norway,NO,1
2020-01-29,Poland,PL,0
2020-01-29,Portugal,PT,1
2020-01-29,Romania,RO,1
2020-01-29,Serbia,RS,0
2020-01-29,Slovakia,SK,0
2020-01-29,Slovenia,SI,1
2020-01-29,Spain,ES,1
2020-01-29,Sweden,SE,1
2020-01-29,Switzerland,CH,1
2020-01-29,Turkey,TR,0
2020-01-30,Albania,AL,7
2020-01-30,Austria,AT,9
2020-01-30,Belgium,BE,6
2020-01-30,Bulgaria,BG,2
2020-01-30,Croatia,HR,4
2020-01-30,Cyprus,CY,6
2020-01-30,Czechia,CZ,3
2020-01-30,Denmark,DK,6
2020-01-30,Estonia,EE,6
2020-01-30,Finland,FI,5
2020-01-30,France,FR,11
2020-01-30,Germany,DE,14
2020-01-30,Hungary,HU,3
2020-01-30,Iceland,IS,6
2020-01-30,Ireland,IE,15
2020-01-30,Italy,IT,24
2020-01-30,Latvia,LV,4
2020-01-30,Liechtenstein,LI,16
2020-01-30,Lithuania,LT,3
2020-01-30,Luxembourg,LU,10
2020-01-30,Malta,MT,12
2020-01-30,Montenegro,ME,1
2020-01-30,Netherlands,NL,8
2020-01-30,North Macedonia,MK,4
2020-01-30,Norway,NO,6
2020-01-30,Poland,PL,1
2020-01-30,Portugal,PT,8
2020-01-30,Romania,RO,5
2020-01-30,Serbia,RS,1
2020-01-30,Slovakia,SK,4
2020-01-30,Slovenia,SI,4
2020-01-30,Spain,ES,13
2020-01-30,Sweden,SE,9
2020-01-30,Switzerland,CH,11
2020-01-30,Turkey,TR,2
2020-01-31,Albania,AL,5
2020-01-31,Austria,AT,3
2020-01-31,Belgium,BE,2
2020-01-31,Bulgaria,BG,1
2020-01-31,Croatia,HR,1
2020-01-31,Cyprus,CY,4
2020-01-31,Czechia,CZ,1
2020-01-31,Denmark,DK,2
2020-01-31,Estonia,EE,2
2020-01-31,Finland,FI,1
2020-01-31,France,FR,4
2020-01-31,Germany,DE,5
2020-01-31,Hungary,HU,1
2020-01-31,Iceland,IS,3
2020-01-31,Ireland,IE,5
2020-01-31,Italy,IT,13
2020-01-31,Latvia,LV,2
2020-01-31,Liechtenstein,LI,8
2020-01-31,Lithuania,LT,1
2020-01-31,Luxembourg,LU,4
2020-01-31,Malta,MT,7
2020-01-31,Montenegro,ME,1
2020-01-31,Netherlands,NL,3
2020-01-31,North Macedonia,MK,2
2020-01-31,Norway,NO,2
2020-01-31,Poland,PL,0
2020-01-31,Portugal,PT,4
2020-01-31,Romania,RO,2
2020-01-31,Serbia,RS,1
2020-01-31,Slovakia,SK,2
2020-01-31,Slovenia,SI,2
2020-01-31,Spain,ES,5
2020-01-31,Sweden,SE,5
2020-01-31,Switzerland,CH,4
2020-01-31,Turkey,TR,1
2020-02-01,Albania,AL,16
2020-02-01,Austria,AT,14
2020-02-01,Belgium,BE,9
2020-02-01,Bulgaria,BG,3
2020-02-01,Croatia,HR,10
2020-02-01,Cyprus,CY,10
2020-02-01,Czechia,CZ,5
2020-02-01,Denmark,DK,8
2020-02-01,Estonia,EE,7
2020-02-01,Finland,FI,6
2020-02-01,France,FR,14
2020-02-01,Germany,DE,18
2020-02-01,Hungary,HU,5
2020-02-01,Iceland,IS,10
2020-02-01,Ireland,IE,19
2020-02-01,Italy,IT,37
2020-02-01,Latvia,LV,6
2020-02-01,Liechtenstein,LI,38
2020-02-01,Lithuania,LT,7
2020-02-01,Luxembourg,LU,26
2020-02-01,Malta,MT,16
2020-02-01,Montenegro,ME,4
2020-02-01,Netherlands,NL,11
2020-02-01,North Macedonia,MK,7
2020-02-01,Norway,NO,10
2020-02-01,Poland,PL,2
2020-02-01,Portugal,PT,24
2020-02-01,Romania,RO,10
2020-02-01,Serbia,RS,3
2020-02-01,Slovakia,SK,7
2020-02-01,Slovenia,SI,6
2020-02-01,Spain,ES,26
2020-02-01,Sweden,SE,15
2020-02-01,Switzerland,CH,16
2020-02-01,Turkey,TR,2
2020-02-02,Albania,AL,1
2020-02-02,Austria,AT,1
2020-02-02,Belgium,BE,1
2020-02-02,Bulgaria,BG,0
2020-02-02,Croatia,HR,1
2020-02-02,Cyprus,CY,1
2020-02-02,Czechia,CZ,0
2020-02-02,Denmark,DK,1
2020-02-02,Estonia,EE,0
2020-02-02,Finland,FI,0
2020-02-02,France,FR,1
2020-02-02,Germany,DE,1
2020-02-02,Hungary,HU,0
2020-02-02,Iceland,IS,1
2020-02-02,Ireland,IE,1
2020-02-02,Italy,IT,2
2020-02-02,Latvia,LV,0
2020-02-02,Liechtenstein,LI,4
2020-02-02,Lithuania,LT,0
2020-02-02,Luxembourg,LU,1
2020-02-02,Malta,MT,1
2020-02-02,Montenegro,ME,0
2020-02-02,Netherlands,NL,1
2020-02-02,North Macedonia,MK,0
2020-02-02,Norway,NO,1
2020-02-02,Poland,PL,0
2020-02-02,Portugal,PT,1
2020-02-02,Romania,RO,1
2020-02-02,Serbia,RS,0
2020-02-02,Slovakia,SK,0
2020-02-02,Slovenia,SI,0
2020-02-02,Spain,ES,1
2020-02-02,Sweden,SE,1
2020-02-02,Switzerland,CH,1
2020-02-02,Turkey,TR,0
2020-02-03,Albania,AL,6
2020-02-03,Austria,AT,7
2020-02-03,Belgium,BE,5
2020-02-03,Bulgaria,BG,2
2020-02-03,Croatia,HR,5
2020-02-03,Cyprus,CY,5
2020-02-03,Czechia,CZ,3
2020-02-03,Denmark,DK,5
2020-02-03,Estonia,EE,3
2020-02-03,Finland,FI,3
2020-02-03,France,FR,7
2020-02-03,Germany,DE,9
2020-02-03,Hungary,HU,2
2020-02-03,Iceland,IS,7
2020-02-03,Ireland,IE,10
2020-02-03,Italy,IT,11
2020-02-03,Latvia,LV,3
2020-02-03,Liechtenstein,LI,12
2020-02-03,Lithuania,LT,3
2020-02-03,Luxembourg,LU,11
2020-02-03,Malta,MT,5
2020-02-03,Montenegro,ME,1
2020-02-03,Netherlands,NL,5
2020-02-03,North Macedonia,MK,3
2020-02-03,Norway,NO,4
2020-02-03,Poland,PL,1
2020-02-03,Portugal,PT,8
2020-02-03,Romania,RO,6
2020-02-03,Serbia,RS,1
2020-02-03,Slovakia,SK,4
2020-02-03,Slovenia,SI,3
2020-02-03,Spain,ES,8
2020-02-03,Sweden,SE,7
2020-02-03,Switzerland,CH,8
2020-02-03,Turkey,TR,1
2020-02-04,Albania,AL,2
2020-02-04,Austria,AT,2
2020-02-04,Belgium,BE,2
2020-02-04,Bulgaria,BG,1
2020-02-04,Croatia,HR,1
2020-02-04,Cyprus,CY,1
2020-02-04,Czechia,CZ,1
2020-02-04,Denmark,DK,1
2020-02-04,Estonia,EE,1
2020-02-04,Finland,FI,1
2020-02-04,France,FR,2
2020-02-04,Germany,DE,2
2020-02-04,Hungary,HU,1
2020-02-04,Iceland,IS,2
2020-02-04,Ireland,IE,3
2020-02-04,Italy,IT,3
2020-02-04,Latvia,LV,1
2020-02-04,Liechtenstein,LI,2
2020-02-04,Lithuania,LT,1
2020-02-04,Luxembourg,LU,2
2020-02-04,Malta,MT,2
2020-02-04,Montenegro,ME,0
2020-02-04,Netherlands,NL,2
2020-02-04,North Macedonia,MK,1
2020-02-04,Norway,NO,1
2020-02-04,Poland,PL,0
2020-02-04,Portugal,PT,2
2020-02-04,Romania,RO,1
2020-02-04,Serbia,RS,0
2020-02-04,Slovakia,SK,1
2020-02-04,Slovenia,SI,1
2020-02-04,Spain,ES,2
2020-02-04,Sweden,SE,2
2020-02-04,Switzerland,CH,2
2020-02-04,Turkey,TR,0
2020-02-05,Albania,AL,3
2020-02-05,Austria,AT,6
2020-02-05,Belgium,BE,5
2020-02-05,Bulgaria,BG,1
2020-02-05,Croatia,HR,1
2020-02-05,Cyprus,CY,4
2020-02-05,Czechia,CZ,2
2020-02-05,Denmark,DK,3
2020-02-05,Estonia,EE,3
2020-02-05,Finland,FI,2
2020-02-05,France,FR,6
2020-02-05,Germany,DE,7
2020-02-05,Hungary,HU,2
2020-02-05,Iceland,IS,5
2020-02-05,Ireland,IE,9
2020-02-05,Italy,IT,9
2020-02-05,Latvia,LV,3
2020-02-05,Liechtenstein,LI,7
2020-02-05,Lithuania,LT,2
2020-02-05,Luxembourg,LU,6
2020-02-05,Malta,MT,3
2020-02-05,Montenegro,ME,1
2020-02-05,Netherlands,NL,5
2020-02-05,North Macedonia,MK,3
2020-02-05,Norway,NO,3
2020-02-05,Poland,PL,1
2020-02-05,Portugal,PT,7
2020-02-05,Romania,RO,4
2020-02-05,Serbia,RS,1
2020-02-05,Slovakia,SK,2
2020-02-05,Slovenia,SI,3
2020-02-05,Spain,ES,6
2020-02-05,Sweden,SE,5
2020-02-05,Switzerland,CH,7
2020-02-05,Turkey,TR,1
2020-02-06,Albania,AL,6
2020-02-06,Austria,AT,9
2020-02-06,Belgium,BE,7
2020-02-06,Bulgaria,BG,2
2020-02-06,Croatia,HR,3
2020-02-06,Cyprus,CY,6
2020-02-06,Czechia,CZ,3
2020-02-06,Denmark,DK,6
2020-02-06,Estonia,EE,4
2020-02-06,Finland,FI,3
2020-02-06,France,FR,12
2020-02-06,Germany,DE,12
2020-02-06,Hungary,HU,3
2020-02-06,Iceland,IS,10
2020-02-06,Ireland,IE,20
2020-02-06,Italy,IT,15
2020-02-06,Latvia,LV,2
2020-02-06,Liechtenstein,LI,41
2020-02-06,Lithuania,LT,3
2020-02-06,Luxembourg,LU,10
2020-02-06,Malta,MT,18
2020-02-06,Montenegro,ME,1
2020-02-06,Netherlands,NL,8
2020-02-06,North Macedonia,MK,5
2020-02-06,Norway,NO,5
2020-02-06,Poland,PL,2
2020-02-06,Portugal,PT,10
2020-02-06,Romania,RO,7
2020-02-06,Serbia,RS,1
2020-02-06,Slovakia,SK,4
2020-02-06,Slovenia,SI,4
2020-02-06,Spain,ES,10
2020-02-06,Sweden,SE,10
2020-02-06,Switzerland,CH,12
2020-02-06,Turkey,TR,2
2020-02-07,Albania,AL,3
2020-02-07,Austria,AT,4
2020-02-07,Belgium,BE,4
2020-02-07,Bulgaria,BG,1
2020-02-07,Croatia,HR,2
2020-02-07,Cyprus,CY,3
2020-02-07,Czechia,CZ,2
2020-02-07,Denmark,DK,3
2020-02-07,Estonia,EE,2
2020-02-07,Finland,FI,2
2020-02-07,France,FR,5
2020-02-07,Germany,DE,5
2020-02-07,Hungary,HU,1
2020-02-07,Iceland,IS,4
2020-02-07,Ireland,IE,9
2020-02-07,Italy,IT,7
2020-02-07,Latvia,LV,1
2020-02-07,Liechtenstein,LI,6
2020-02-07,Lithuania,LT,1
2020-02-07,Luxembourg,LU,7
2020-02-07,Malta,MT,5
2020-02-07,Montenegro,ME,2
2020-02-07,Netherlands,NL,3
2020-02-07,North Macedonia,MK,3
2020-02-07,Norway,NO,3
2020-02-07,Poland,PL,1
2020-02-07,Portugal,PT,5
2020-02-07,Romania,RO,5
2020-02-07,Serbia,RS,1
2020-02-07,Slovakia,SK,2
2020-02-07,Slovenia,SI,2
2020-02-07,Spain,ES,5
2020-02-07,Sweden,SE,4
2020-02-07,Switzerland,CH,5
2020-02-07,Turkey,TR,1
2020-02-08,Albania,AL,4
2020-02-08,Austria,AT,5
2020-02-08,Belgium,BE,4
2020-02-08,Bulgaria,BG,2
2020-02-08,Croatia,HR,2
2020-02-08,Cyprus,CY,5
2020-02-08,Czechia,CZ,2
2020-02-08,Denmark,DK,3
2020-02-08,Estonia,EE,2
2020-02-08,Finland,FI,2
2020-02-08,France,FR,10
2020-02-08,Germany,DE,6
2020-02-08,Hungary,HU,1
2020-02-08,Iceland,IS,5
2020-02-08,Ireland,IE,10
2020-02-08,Italy,IT,8
2020-02-08,Latvia,LV,2
2020-02-08,Liechtenstein,LI,0
2020-02-08,Lithuania,LT,2
2020-02-08,Luxembourg,LU,10
2020-02-08,Malta,MT,3
2020-02-08,Montenegro,ME,2
2020-02-08,Netherlands,NL,4
2020-02-08,North Macedonia,MK,2
2020-02-08,Norway,NO,3
2020-02-08,Poland,PL,1
2020-02-08,Portugal,PT,6
2020-02-08,Romania,RO,7
2020-02-08,Serbia,RS,1
2020-02-08,Slovakia,SK,2
2020-02-08,Slovenia,SI,3
2020-02-08,Spain,ES,7
2020-02-08,Sweden,SE,4
2020-02-08,Switzerland,CH,7
2020-02-08,Turkey,TR,1
2020-02-09,Albania,AL,7
2020-02-09,Austria,AT,10
2020-02-09,Belgium,BE,7
2020-02-09,Bulgaria,BG,3
2020-02-09,Croatia,HR,4
2020-02-09,Cyprus,CY,9
2020-02-09,Czechia,CZ,4
2020-02-09,Denmark,DK,6
2020-02-09,Estonia,EE,5
2020-02-09,Finland,FI,5
2020-02-09,France,FR,17
2020-02-09,Germany,DE,10
2020-02-09,Hungary,HU,2
2020-02-09,Iceland,IS,9
2020-02-09,Ireland,IE,16
2020-02-09,Italy,IT,16
2020-02-09,Latvia,LV,4
2020-02-09,Liechtenstein,LI,32
2020-02-09,Lithuania,LT,4
2020-02-09,Luxembourg,LU,17
2020-02-09,Malta,MT,9
2020-02-09,Montenegro,ME,5
2020-02-09,Netherlands,NL,7
2020-02-09,North Macedonia,MK,5
2020-02-09,Norway,NO,6
2020-02-09,Poland,PL,1
2020-02-09,Portugal,PT,11
2020-02-09,Romania,RO,8
2020-02-09,Serbia,RS,2
2020-02-09,Slovakia,SK,3
2020-02-09,Slovenia,SI,4
2020-02-09,Spain,ES,15
2020-02-09,Sweden,SE,7
2020-02-09,Switzerland,CH,14
2020-02-09,Turkey,TR,1
2020-02-10,Albania,AL,2
2020-02-10,Austria,AT,4
2020-02-10,Belgium,BE,3
2020-02-10,Bulgaria,BG,1
2020-02-10,Croatia,HR,1
2020-02-10,Cyprus,CY,5
2020-02-10,Czechia,CZ,1
2020-02-10,Denmark,DK,2
2020-02-10,Estonia,EE,2
2020-02-10,Finland,FI,1
2020-02-10,France,FR,6
2020-02-10,Germany,DE,4
2020-02-10,Hungary,HU,1
2020-02-10,Iceland,IS,4
2020-02-10,Ireland,IE,8
2020-02-10,Italy,IT,8
2020-02-10,Latvia,LV,2
2020-02-10,Liechtenstein,LI,13
2020-02-10,Lithuania,LT,1
2020-02-10,Luxembourg,LU,6
2020-02-10,Malta,MT,4
2020-02-10,Montenegro,ME,1
2020-02-10,Netherlands,NL,3
2020-02-10,North Macedonia,MK,2
2020-02-10,Norway,NO,2
2020-02-10,Poland,PL,1
2020-02-10,Portugal,PT,5
2020-02-10,Romania,RO,4
2020-02-10,Serbia,RS,1
2020-02-10,Slovakia,SK,2
2020-02-10,Slovenia,SI,2
2020-02-10,Spain,ES,6
2020-02-10,Sweden,SE,3
2020-02-10,Switzerland,CH,5
2020-02-10,Turkey,TR,1
2020-02-11,Albania,AL,7
2020-02-11,Austria,AT,9
2020-02-11,Belgium,BE,9
2020-02-11,Bulgaria,BG,3
2020-02-11,Croatia,HR,5
2020-02-11,Cyprus,CY,11
2020-02-11,Czechia,CZ,4
2020-02-11,Denmark,DK,7
2020-02-11,Estonia,EE,7
2020-02-11,Finland,FI,6
2020-02-11,France,FR,15
2020-02-11,Germany,DE,10
2020-02-11,Hungary,HU,3
2020-02-11,Iceland,IS,12
2020-02-11,Ireland,IE,20
2020-02-11,Italy,IT,22
2020-02-11,Latvia,LV,6
2020-02-11,Liechtenstein,LI,45
2020-02-11,Lithuania,LT,4
2020-02-11,Luxembourg,LU,12
2020-02-11,Malta,MT,19
2020-02-11,Montenegro,ME,4
2020-02-11,Netherlands,NL,8
2020-02-11,North Macedonia,MK,6
2020-02-11,Norway,NO,6
2020-02-11,Poland,PL,1
2020-02-11,Portugal,PT,12
2020-02-11,Romania,RO,11
2020-02-11,Serbia,RS,2
2020-02-11,Slovakia,SK,4
2020-02-11,Slovenia,SI,5
2020-02-11,Spain,ES,20
2020-02-11,Sweden,SE,8
2020-02-11,Switzerland,CH,14
2020-02-11,Turkey,TR,1
2020-02-12,Albania,AL,5
2020-02-12,Austria,AT,5
2020-02-12,Belgium,BE,4
2020-02-12,Bulgaria,BG,1
2020-02-12,Croatia,HR,2
2020-02-12,Cyprus,CY,5
2020-02-12,Czechia,CZ,2
2020-02-12,Denmark,DK,3
2020-02-12,Estonia,EE,2
2020-02-12,Finland,FI,2
2020-02-12,France,FR,7
2020-02-12,Germany,DE,5
2020-02-12,Hungary,HU,1
2020-02-12,Iceland,IS,2
2020-02-12,Ireland,IE,8
2020-02-12,Italy,IT,9
2020-02-12,Latvia,LV,2
2020-02-12,Liechtenstein,LI,15
2020-02-12,Lithuania,LT,1
2020-02-12,Luxembourg,LU,4
2020-02-12,Malta,MT,4
2020-02-12,Montenegro,ME,2
2020-02-12,Netherlands,NL,3
2020-02-12,North Macedonia,MK,2
2020-02-12,Norway,NO,3
2020-02-12,Poland,PL,1
2020-02-12,Portugal,PT,5
2020-02-12,Romania,RO,8
2020-02-12,Serbia,RS,0
2020-02-12,Slovakia,SK,2
2020-02-12,Slovenia,SI,2
2020-02-12,Spain,ES,8
2020-02-12,Sweden,SE,4
2020-02-12,Switzerland,CH,6
2020-02-12,Turkey,TR,1
2020-02-13,Albania,AL,5
2020-02-13,Austria,AT,8
2020-02-13,Belgium,BE,7
2020-02-13,Bulgaria,BG,2
2020-02-13,Croatia,HR,3
2020-02-13,Cyprus,CY,5
2020-02-13,Czechia,CZ,3
2020-02-13,Denmark,DK,5
2020-02-13,Estonia,EE,2
2020-02-13,Finland,FI,4
2020-02-13,France,FR,11
2020-02-13,Germany,DE,9
2020-02-13,Hungary,HU,2
2020-02-13,Iceland,IS,5
2020-02-13,Ireland,IE,13
2020-02-13,Italy,IT,13
2020-02-13,Latvia,LV,3
2020-02-13,Liechtenstein,LI,11
2020-02-13,Lithuania,LT,3
2020-02-13,Luxembourg,LU,11
2020-02-13,Malta,MT,8
2020-02-13,Montenegro,ME,4
2020-02-13,Netherlands,NL,6
2020-02-13,North Macedonia,MK,5
2020-02-13,Norway,NO,5
2020-02-13,Poland,PL,1
2020-02-13,Portugal,PT,7
2020-02-13,Romania,RO,11
2020-02-13,Serbia,RS,2
2020-02-13,Slovakia,SK,4
2020-02-13,Slovenia,SI,6
2020-02-13,Spain,ES,11
2020-02-13,Sweden,SE,8
2020-02-13,Switzerland,CH,10
2020-02-13,Turkey,TR,1
2020-02-14,Albania,AL,1
2020-02-14,Austria,AT,1
2020-02-14,Belgium,BE,1
2020-02-14,Bulgaria,BG,0
2020-02-14,Croatia,HR,0
2020-02-14,Cyprus,CY,1
2020-02-14,Czechia,CZ,0
2020-02-14,Denmark,DK,0
2020-02-14,Estonia,EE,0
2020-02-14,Finland,FI,0
2020-02-14,France,FR,1
2020-02-14,Germany,DE,1
2020-02-14,Hungary,HU,0
2020-02-14,Iceland,IS,0
2020-02-14,Ireland,IE,1
2020-02-14,Italy,IT,2
2020-02-14,Latvia,LV,0
2020-02-14,Liechtenstein,LI,2
2020-02-14,Lithuania,LT,0
2020-02-14,Luxembourg,LU,1
2020-02-14,Malta,MT,1
2020-02-14,Montenegro,ME,0
2020-02-14,Netherlands,NL,1
2020-02-14,North Macedonia,MK,1
2020-02-14,Norway,NO,1
2020-02-14,Poland,PL,0
2020-02-14,Portugal,PT,1
2020-02-14,Romania,RO,1
2020-02-14,Serbia,RS,0
2020-02-14,Slovakia,SK,0
2020-02-14,Slovenia,SI,0
2020-02-14,Spain,ES,1
2020-02-14,Sweden,SE,1
2020-02-14,Switzerland,CH,1
2020-02-14,Turkey,TR,0
2020-02-15,Albania,AL,1
2020-02-15,Austria,AT,2
2020-02-15,Belgium,BE,2
2020-02-15,Bulgaria,BG,1
2020-02-15,Croatia,HR,1
2020-02-15,Cyprus,CY,2
2020-02-15,Czechia,CZ,1
2020-02-15,Denmark,DK,1
2020-02-15,Estonia,EE,2
2020-02-15,Finland,FI,1
2020-02-15,France,FR,3
2020-02-15,Germany,DE,3
2020-02-15,Hungary,HU,0
2020-02-15,Iceland,IS,2
2020-02-15,Ireland,IE,3
2020-02-15,Italy,IT,4
2020-02-15,Latvia,LV,1
2020-02-15,Liechtenstein,LI,7
2020-02-15,Lithuania,LT,1
2020-02-15,Luxembourg,LU,3
2020-02-15,Malta,MT,4
2020-02-15,Montenegro,ME,0
2020-02-15,Netherlands,NL,2
2020-02-15,North Macedonia,MK,1
2020-02-15,Norway,NO,1
2020-02-15,Poland,PL,0
2020-02-15,Portugal,PT,2
2020-02-15,Romania,RO,3
2020-02-15,Serbia,RS,0
2020-02-15,Slovakia,SK,1
2020-02-15,Slovenia,SI,1
2020-02-15,Spain,ES,3
2020-02-15,Sweden,SE,2
2020-02-15,Switzerland,CH,3
2020-02-15,Turkey,TR,0
2020-02-16,Albania,AL,3
2020-02-16,Austria,AT,6
2020-02-16,Belgium,BE,4
2020-02-16,Bulgaria,BG,1
2020-02-16,Croatia,HR,2
2020-02-16,Cyprus,CY,4
2020-02-16,Czechia,CZ,2
2020-02-16,Denmark,DK,3
2020-02-16,Estonia,EE,4
2020-02-16,Finland,FI,2
2020-02-16,France,FR,8
2020-02-16,Germany,DE,6
2020-02-16,Hungary,HU,1
2020-02-16,Iceland,IS,2
2020-02-16,Ireland,IE,6
2020-02-16,Italy,IT,10
2020-02-16,Latvia,LV,3
2020-02-16,Liechtenstein,LI,16
2020-02-16,Lithuania,LT,2
2020-02-16,Luxembourg,LU,6
2020-02-16,Malta,MT,4
2020-02-16,Montenegro,ME,2
2020-02-16,Netherlands,NL,5
2020-02-16,North Macedonia,MK,3
2020-02-16,Norway,NO,3
2020-02-16,Poland,PL,1
2020-02-16,Portugal,PT,5
2020-02-16,Romania,RO,6
2020-02-16,Serbia,RS,1
2020-02-16,Slovakia,SK,1
2020-02-16,Slovenia,SI,4
2020-02-16,Spain,ES,7
2020-02-16,Sweden,SE,4
2020-02-16,Switzerland,CH,7
2020-02-16,Turkey,TR,1
2020-02-17,Albania,AL,8
2020-02-17,Austria,AT,8
2020-02-17,Belgium,BE,7
2020-02-17,Bulgaria,BG,3
2020-02-17,Croatia,HR,4
2020-02-17,Cyprus,CY,6
2020-02-17,Czechia,CZ,3
2020-02-17,Denmark,DK,6
2020-02-17,Estonia,EE,3
2020-02-17,Finland,FI,3
2020-02-17,France,FR,13
2020-02-17,Germany,DE,11
2020-02-17,Hungary,HU,2
2020-02-17,Iceland,IS,2
2020-02-17,Ireland,IE,15
2020-02-17,Italy,IT,19
2020-02-17,Latvia,LV,4
2020-02-17,Liechtenstein,LI,19
2020-02-17,Lithuania,LT,3
2020-02-17,Luxembourg,LU,10
2020-02-17,Malta,MT,10
2020-02-17,Montenegro,ME,2
2020-02-17,Netherlands,NL,8
2020-02-17,North Macedonia,MK,6
2020-02-17,Norway,NO,6
2020-02-17,Poland,PL,1
2020-02-17,Portugal,PT,12
2020-02-17,Romania,RO,10
2020-02-17,Serbia,RS,1
2020-02-17,Slovakia,SK,2
2020-02-17,Slovenia,SI,5
2020-02-17,Spain,ES,11
2020-02-17,Sweden,SE,7
2020-02-17,Switzerland,CH,12
2020-02-17,Turkey,TR,1
2020-02-18,Albania,AL,0
2020-02-18,Austria,AT,1
2020-02-18,Belgium,BE,1
2020-02-18,Bulgaria,BG,0
2020-02-18,Croatia,HR,0
2020-02-18,Cyprus,CY,1
2020-02-18,Czechia,CZ,0
2020-02-18,Denmark,DK,0
2020-02-18,Estonia,EE,0
2020-02-18,Finland,FI,0
2020-02-18,France,FR,1
2020-02-18,Germany,DE,1
2020-02-18,Hungary,HU,0
2020-02-18,Iceland,IS,1
2020-02-18,Ireland,IE,1
2020-02-18,Italy,IT,1
2020-02-18,Latvia,LV,0
2020-02-18,Liechtenstein,LI,1
2020-02-18,Lithuania,LT,0
2020-02-18,Luxembourg,LU,1
2020-02-18,Malta,MT,1
2020-02-18,Montenegro,ME,1
2020-02-18,Netherlands,NL,0
2020-02-18,North Macedonia,MK,0
2020-02-18,Norway,NO,0
2020-02-18,Poland,PL,0
2020-02-18,Portugal,PT,1
2020-02-18,Romania,RO,1
2020-02-18,Serbia,RS,0
2020-02-18,Slovakia,SK,0
2020-02-18,Slovenia,SI,0
2020-02-18,Spain,ES,1
2020-02-18,Sweden,SE,1
2020-02-18,Switzerland,CH,1
2020-02-18,Turkey,TR,0
2020-02-19,Albania,AL,3
2020-02-19,Austria,AT,6
2020-02-19,Belgium,BE,4
2020-02-19,Bulgaria,BG,2
2020-02-19,Croatia,HR,2
2020-02-19,Cyprus,CY,4
2020-02-19,Czechia,CZ,2
2020-02-19,Denmark,DK,3
2020-02-19,Estonia,EE,2
2020-02-19,Finland,FI,2
2020-02-19,France,FR,8
2020-02-19,Germany,DE,7
2020-02-19,Hungary,HU,1
2020-02-19,Iceland,IS,7
2020-02-19,Ireland,IE,9
2020-02-19,Italy,IT,11
2020-02-19,Latvia,LV,2
2020-02-19,Liechtenstein,LI,12
2020-02-19,Lithuania,LT,2
2020-02-19,Luxembourg,LU,7
2020-02-19,Malta,MT,10
2020-02-19,Montenegro,ME,1
2020-02-19,Netherlands,NL,4
2020-02-19,North Macedonia,MK,4
2020-02-19,Norway,NO,3
2020-02-19,Poland,PL,1
2020-02-19,Portugal,PT,6
2020-02-19,Romania,RO,5
2020-02-19,Serbia,RS,1
2020-02-19,Slovakia,SK,1
2020-02-19,Slovenia,SI,5
2020-02-19,Spain,ES,7
2020-02-19,Sweden,SE,4
2020-02-19,Switzerland,CH,7
2020-02-19,Turkey,TR,1
2020-02-20,Albania,AL,3
2020-02-20,Austria,AT,6
2020-02-20,Belgium,BE,5
2020-02-20,Bulgaria,BG,2
2020-02-20,Croatia,HR,3
2020-02-20,Cyprus,CY,4
2020-02-20,Czechia,CZ,2
2020-02-20,Denmark,DK,3
2020-02-20,Estonia,EE,4
2020-02-20,Finland,FI,3
2020-02-20,France,FR,10
2020-02-20,Germany,DE,8
2020-02-20,Hungary,HU,1
2020-02-20,Iceland,IS,9
2020-02-20,Ireland,IE,10
2020-02-20,Italy,IT,14
2020-02-20,Latvia,LV,1
2020-02-20,Liechtenstein,LI,40
2020-02-20,Lithuania,LT,3
2020-02-20,Luxembourg,LU,9
2020-02-20,Malta,MT,14
2020-02-20,Montenegro,ME,2
2020-02-20,Netherlands,NL,5
2020-02-20,North Macedonia,MK,2
2020-02-20,Norway,NO,3
2020-02-20,Poland,PL,1
2020-02-20,Portugal,PT,6
2020-02-20,Romania,RO,7
2020-02-20,Serbia,RS,1
2020-02-20,Slovakia,SK,2
2020-02-20,Slovenia,SI,6
2020-02-20,Spain,ES,9
2020-02-20,Sweden,SE,6
2020-02-20,Switzerland,CH,10
2020-02-20,Turkey,TR,2
2020-02-21,Albania,AL,8
2020-02-21,Austria,AT,5
2020-02-21,Belgium,BE,3
2020-02-21,Bulgaria,BG,1
2020-02-21,Croatia,HR,2
2020-02-21,Cyprus,CY,4
2020-02-21,Czechia,CZ,2
2020-02-21,Denmark,DK,3
2020-02-21,Estonia,EE,3
2020-02-21,Finland,FI,2
2020-02-21,France,FR,6
2020-02-21,Germany,DE,5
2020-02-21,Hungary,HU,1
2020-02-21,Iceland,IS,4
2020-02-21,Ireland,IE,5
2020-02-21,Italy,IT,100
2020-02-21,Latvia,LV,2
2020-02-21,Liechtenstein,LI,11
2020-02-21,Lithuania,LT,1
2020-02-21,Luxembourg,LU,4
2020-02-21,Malta,MT,12
2020-02-21,Montenegro,ME,2
2020-02-21,Netherlands,NL,3
2020-02-21,North Macedonia,MK,3
2020-02-21,Norway,NO,2
2020-02-21,Poland,PL,1
2020-02-21,Portugal,PT,4
2020-02-21,Romania,RO,4
2020-02-21,Serbia,RS,1
2020-02-21,Slovakia,SK,1
2020-02-21,Slovenia,SI,3
2020-02-21,Spain,ES,8
2020-02-21,Sweden,SE,4
2020-02-21,Switzerland,CH,10
2020-02-21,Turkey,TR,1
2020-02-22,Albania,AL,13
2020-02-22,Austria,AT,6
2020-02-22,Belgium,BE,4
2020-02-22,Bulgaria,BG,1
2020-02-22,Croatia,HR,2
2020-02-22,Cyprus,CY,4
2020-02-22,Czechia,CZ,1
2020-02-22,Denmark,DK,2
2020-02-22,Estonia,EE,2
2020-02-22,Finland,FI,1
2020-02-22,France,FR,5
2020-02-22,Germany,DE,4
2020-02-22,Hungary,HU,1
2020-02-22,Iceland,IS,2
2020-02-22,Ireland,IE,4
2020-02-22,Italy,IT,100
2020-02-22,Latvia,LV,1
2020-02-22,Liechtenstein,LI,0
2020-02-22,Lithuania,LT,1
2020-02-22,Luxembourg,LU,6
2020-02-22,Malta,MT,9
2020-02-22,Montenegro,ME,1
2020-02-22,Netherlands,NL,3
2020-02-22,North Macedonia,MK,3
2020-02-22,Norway,NO,2
2020-02-22,Poland,PL,1
2020-02-22,Portugal,PT,5
2020-02-22,Romania,RO,7
2020-02-22,Serbia,RS,1
2020-02-22,Slovakia,SK,2
2020-02-22,Slovenia,SI,4
2020-02-22,Spain,ES,7
2020-02-22,Sweden,SE,3
2020-02-22,Switzerland,CH,9
2020-02-22,Turkey,TR,1
2020-02-23,Albania,AL,19
2020-02-23,Austria,AT,9
2020-02-23,Belgium,BE,4
2020-02-23,Bulgaria,BG,1
2020-02-23,Croatia,HR,3
2020-02-23,Cyprus,CY,2
2020-02-23,Czechia,CZ,2
2020-02-23,Denmark,DK,2
2020-02-23,Estonia,EE,1
2020-02-23,Finland,FI,1
2020-02-23,France,FR,6
2020-02-23,Germany,DE,5
2020-02-23,Hungary,HU,1
2020-02-23,Iceland,IS,3
2020-02-23,Ireland,IE,5
2020-02-23,Italy,IT,79
2020-02-23,Latvia,LV,1
2020-02-23,Liechtenstein,LI,15
2020-02-23,Lithuania,LT,1
2020-02-23,Luxembourg,LU,9
2020-02-23,Malta,MT,11
2020-02-23,Montenegro,ME,1
2020-02-23,Netherlands,NL,3
2020-02-23,North Macedonia,MK,3
2020-02-23,Norway,NO,2
2020-02-23,Poland,PL,1
2020-02-23,Portugal,PT,4
2020-02-23,Romania,RO,11
2020-02-23,Serbia,RS,1
2020-02-23,Slovakia,SK,1
2020-02-23,Slovenia,SI,7
2020-02-23,Spain,ES,8
2020-02-23,Sweden,SE,3
2020-02-23,Switzerland,CH,12
2020-02-23,Turkey,TR,1
2020-02-24,Albania,AL,25
2020-02-24,Austria,AT,15
2020-02-24,Belgium,BE,9
2020-02-24,Bulgaria,BG,4
2020-02-24,Croatia,HR,7
2020-02-24,Cyprus,CY,5
2020-02-24,Czechia,CZ,3
2020-02-24,Denmark,DK,4
2020-02-24,Estonia,EE,3
2020-02-24,Finland,FI,2
2020-02-24,France,FR,12
2020-02-24,Germany,DE,9
2020-02-24,Hungary,HU,2
2020-02-24,Iceland,IS,3
2020-02-24,Ireland,IE,11
2020-02-24,Italy,IT,100
2020-02-24,Latvia,LV,2
2020-02-24,Liechtenstein,LI,23
2020-02-24,Lithuania,LT,3
2020-02-24,Luxembourg,LU,16
2020-02-24,Malta,MT,30
2020-02-24,Montenegro,ME,4
2020-02-24,Netherlands,NL,6
2020-02-24,North Macedonia,MK,8
2020-02-24,Norway,NO,3
2020-02-24,Poland,PL,1
2020-02-24,Portugal,PT,8
2020-02-24,Romania,RO,23
2020-02-24,Serbia,RS,2
2020-02-24,Slovakia,SK,3
2020-02-24,Slovenia,SI,12
2020-02-24,Spain,ES,21
2020-02-24,Sweden,SE,5
2020-02-24,Switzerland,CH,19
2020-02-24,Turkey,TR,1
2020-02-25,Albania,AL,16
2020-02-25,Austria,AT,23
2020-02-25,Belgium,BE,10
2020-02-25,Bulgaria,BG,3
2020-02-25,Croatia,HR,10
2020-02-25,Cyprus,CY,5
2020-02-25,Czechia,CZ,5
2020-02-25,Denmark,DK,6
2020-02-25,Estonia,EE,3
2020-02-25,Finland,FI,2
2020-02-25,France,FR,13
2020-02-25,Germany,DE,12
2020-02-25,Hungary,HU,2
2020-02-25,Iceland,IS,5
2020-02-25,Ireland,IE,20
2020-02-25,Italy,IT,72
2020-02-25,Latvia,LV,3
2020-02-25,Liechtenstein,LI,12
2020-02-25,Lithuania,LT,4
2020-02-25,Luxembourg,LU,19
2020-02-25,Malta,MT,29
2020-02-25,Montenegro,ME,4
2020-02-25,Netherlands,NL,10
2020-02-25,North Macedonia,MK,9
2020-02-25,Norway,NO,4
2020-02-25,Poland,PL,1
2020-02-25,Portugal,PT,10
2020-02-25,Romania,RO,19
2020-02-25,Serbia,RS,2
2020-02-25,Slovakia,SK,4
2020-02-25,Slovenia,SI,9
2020-02-25,Spain,ES,33
2020-02-25,Sweden,SE,6
2020-02-25,Switzerland,CH,24
2020-02-25,Turkey,TR,2
2020-02-26,Albania,AL,2
2020-02-26,Austria,AT,5
2020-02-26,Belgium,BE,2
2020-02-26,Bulgaria,BG,1
2020-02-26,Croatia,HR,1
2020-02-26,Cyprus,CY,2
2020-02-26,Czechia,CZ,1
2020-02-26,Denmark,DK,1
2020-02-26,Estonia,EE,1
2020-02-26,Finland,FI,1
2020-02-26,France,FR,4
2020-02-26,Germany,DE,5
2020-02-26,Hungary,HU,1
2020-02-26,Iceland,IS,1
2020-02-26,Ireland,IE,5
2020-02-26,Italy,IT,12
2020-02-26,Latvia,LV,1
2020-02-26,Liechtenstein,LI,4
2020-02-26,Lithuania,LT,1
2020-02-26,Luxembourg,LU,5
2020-02-26,Malta,MT,4
2020-02-26,Montenegro,ME,1
2020-02-26,Netherlands,NL,2
2020-02-26,North Macedonia,MK,3
2020-02-26,Norway,NO,2
2020-02-26,Poland,PL,0
2020-02-26,Portugal,PT,3
2020-02-26,Romania,RO,4
2020-02-26,Serbia,RS,0
2020-02-26,Slovakia,SK,1
2020-02-26,Slovenia,SI,1
2020-02-26,Spain,ES,6
2020-02-26,Sweden,SE,2
2020-02-26,Switzerland,CH,5
2020-02-26,Turkey,TR,0
2020-02-27,Albania,AL,19
2020-02-27,Austria,AT,41
2020-02-27,Belgium,BE,19
2020-02-27,Bulgaria,BG,10
2020-02-27,Croatia,HR,7
2020-02-27,Cyprus,CY,18
2020-02-27,Czechia,CZ,12
2020-02-27,Denmark,DK,22
2020-02-27,Estonia,EE,12
2020-02-27,Finland,FI,6
2020-02-27,France,FR,38
2020-02-27,Germany,DE,50
2020-02-27,Hungary,HU,5
2020-02-27,Iceland,IS,12
2020-02-27,Ireland,IE,62
2020-02-27,Italy,IT,100
2020-02-27,Latvia,LV,12
2020-02-27,Liechtenstein,LI,56
2020-02-27,Lithuania,LT,10
2020-02-27,Luxembourg,LU,41
2020-02-27,Malta,MT,37
2020-02-27,Montenegro,ME,6
2020-02-27,Netherlands,NL,26
2020-02-27,North Macedonia,MK,16
2020-02-27,Norway,NO,22
2020-02-27,Poland,PL,4
2020-02-27,Portugal,PT,30
2020-02-27,Romania,RO,34
2020-02-27,Serbia,RS,3
2020-02-27,Slovakia,SK,14
2020-02-27,Slovenia,SI,11
2020-02-27,Spain,ES,42
2020-02-27,Sweden,SE,21
2020-02-27,Switzerland,CH,65
2020-02-27,Turkey,TR,3
2020-02-28,Albania,AL,7
2020-02-28,Austria,AT,17
2020-02-28,Belgium,BE,11
2020-02-28,Bulgaria,BG,3
2020-02-28,Croatia,HR,3
2020-02-28,Cyprus,CY,7
2020-02-28,Czechia,CZ,4
2020-02-28,Denmark,DK,6
2020-02-28,Estonia,EE,3
2020-02-28,Finland,FI,2
2020-02-28,France,FR,25
2020-02-28,Germany,DE,24
2020-02-28,Hungary,HU,2
2020-02-28,Iceland,IS,15
2020-02-28,Ireland,IE,24
2020-02-28,Italy,IT,41
2020-02-28,Latvia,LV,4
2020-02-28,Liechtenstein,LI,22
2020-02-28,Lithuania,LT,7
2020-02-28,Luxembourg,LU,14
2020-02-28,Malta,MT,19
2020-02-28,Montenegro,ME,2
2020-02-28,Netherlands,NL,15
2020-02-28,North Macedonia,MK,6
2020-02-28,Norway,NO,8
2020-02-28,Poland,PL,2
2020-02-28,Portugal,PT,15
2020-02-28,Romania,RO,13
2020-02-28,Serbia,RS,1
2020-02-28,Slovakia,SK,5
2020-02-28,Slovenia,SI,4
2020-02-28,Spain,ES,21
2020-02-28,Sweden,SE,10
2020-02-28,Switzerland,CH,35
2020-02-28,Turkey,TR,1
2020-02-29,Albania,AL,12
2020-02-29,Austria,AT,30
2020-02-29,Belgium,BE,17
2020-02-29,Bulgaria,BG,4
2020-02-29,Croatia,HR,5
2020-02-29,Cyprus,CY,9
2020-02-29,Czechia,CZ,6
2020-02-29,Denmark,DK,10
2020-02-29,Estonia,EE,6
2020-02-29,Finland,FI,4
2020-02-29,France,FR,45
2020-02-29,Germany,DE,38
2020-02-29,Hungary,HU,3
2020-02-29,Iceland,IS,12
2020-02-29,Ireland,IE,37
2020-02-29,Italy,IT,76
2020-02-29,Latvia,LV,5
2020-02-29,Liechtenstein,LI,62
2020-02-29,Lithuania,LT,6
2020-02-29,Luxembourg,LU,41
2020-02-29,Malta,MT,27
2020-02-29,Montenegro,ME,3
2020-02-29,Netherlands,NL,18
2020-02-29,North Macedonia,MK,6
2020-02-29,Norway,NO,12
2020-02-29,Poland,PL,3
2020-02-29,Portugal,PT,21
2020-02-29,Romania,RO,16
2020-02-29,Serbia,RS,2
2020-02-29,Slovakia,SK,6
2020-02-29,Slovenia,SI,8
2020-02-29,Spain,ES,35
2020-02-29,Sweden,SE,14
2020-02-29,Switzerland,CH,56
2020-02-29,Turkey,TR,1
2020-03-01,Albania,AL,8
2020-03-01,Austria,AT,21
2020-03-01,Belgium,BE,20
2020-03-01,Bulgaria,BG,3
2020-03-01,Croatia,HR,4
2020-03-01,Cyprus,CY,7
2020-03-01,Czechia,CZ,10
2020-03-01,Denmark,DK,6
2020-03-01,Estonia,EE,5
2020-03-01,Finland,FI,3
2020-03-01,France,FR,39
2020-03-01,Germany,DE,29
2020-03-01,Hungary,HU,2
2020-03-01,Iceland,IS,13
2020-03-01,Ireland,IE,40
2020-03-01,Italy,IT,59
2020-03-01,Latvia,LV,3
2020-03-01,Liechtenstein,LI,32
2020-03-01,Lithuania,LT,5
2020-03-01,Luxembourg,LU,31
2020-03-01,Malta,MT,21
2020-03-01,Montenegro,ME,4
2020-03-01,Netherlands,NL,17
2020-03-01,North Macedonia,MK,6
2020-03-01,Norway,NO,10
2020-03-01,Poland,PL,2
2020-03-01,Portugal,PT,16
2020-03-01,Romania,RO,10
2020-03-01,Serbia,RS,2
2020-03-01,Slovakia,SK,6
2020-03-01,Slovenia,SI,6
2020-03-01,Spain,ES,27
2020-03-01,Sweden,SE,10
2020-03-01,Switzerland,CH,40
2020-03-01,Turkey,TR,1
2020-03-02,Albania,AL,5
2020-03-02,Austria,AT,16
2020-03-02,Belgium,BE,21
2020-03-02,Bulgaria,BG,3
2020-03-02,Croatia,HR,3
2020-03-02,Cyprus,CY,7
2020-03-02,Czechia,CZ,7
2020-03-02,Denmark,DK,7
2020-03-02,Estonia,EE,4
2020-03-02,Finland,FI,3
2020-03-02,France,FR,41
2020-03-02,Germany,DE,26
2020-03-02,Hungary,HU,2
2020-03-02,Iceland,IS,13
2020-03-02,Ireland,IE,33
2020-03-02,Italy,IT,54
2020-03-02,Latvia,LV,5
2020-03-02,Liechtenstein,LI,26
2020-03-02,Lithuania,LT,4
2020-03-02,Luxembourg,LU,27
2020-03-02,Malta,MT,21
2020-03-02,Montenegro,ME,1
2020-03-02,Netherlands,NL,17
2020-03-02,North Macedonia,MK,4
2020-03-02,Norway,NO,8
2020-03-02,Poland,PL,2
2020-03-02,Portugal,PT,28
2020-03-02,Romania,RO,8
2020-03-02,Serbia,RS,2
2020-03-02,Slovakia,SK,6
2020-03-02,Slovenia,SI,5
2020-03-02,Spain,ES,27
2020-03-02,Sweden,SE,10
2020-03-02,Switzerland,CH,36
2020-03-02,Turkey,TR,1
2020-03-03,Albania,AL,2
2020-03-03,Austria,AT,4
2020-03-03,Belgium,BE,5
2020-03-03,Bulgaria,BG,1
2020-03-03,Croatia,HR,1
2020-03-03,Cyprus,CY,2
2020-03-03,Czechia,CZ,1
2020-03-03,Denmark,DK,2
2020-03-03,Estonia,EE,1
2020-03-03,Finland,FI,1
2020-03-03,France,FR,9
2020-03-03,Germany,DE,6
2020-03-03,Hungary,HU,0
2020-03-03,Iceland,IS,3
2020-03-03,Ireland,IE,7
2020-03-03,Italy,IT,14
2020-03-03,Latvia,LV,1
2020-03-03,Liechtenstein,LI,7
2020-03-03,Lithuania,LT,1
2020-03-03,Luxembourg,LU,5
2020-03-03,Malta,MT,4
2020-03-03,Montenegro,ME,0
2020-03-03,Netherlands,NL,3
2020-03-03,North Macedonia,MK,1
2020-03-03,Norway,NO,2
2020-03-03,Poland,PL,0
2020-03-03,Portugal,PT,5
2020-03-03,Romania,RO,2
2020-03-03,Serbia,RS,0
2020-03-03,Slovakia,SK,1
2020-03-03,Slovenia,SI,1
2020-03-03,Spain,ES,8
2020-03-03,Sweden,SE,3
2020-03-03,Switzerland,CH,8
2020-03-03,Turkey,TR,0
2020-03-04,Albania,AL,5
2020-03-04,Austria,AT,10
2020-03-04,Belgium,BE,12
2020-03-04,Bulgaria,BG,2
2020-03-04,Croatia,HR,2
2020-03-04,Cyprus,CY,4
2020-03-04,Czechia,CZ,4
2020-03-04,Denmark,DK,6
2020-03-04,Estonia,EE,3
2020-03-04,Finland,FI,2
2020-03-04,France,FR,23
2020-03-04,Germany,DE,15
2020-03-04,Hungary,HU,2
2020-03-04,Iceland,IS,10
2020-03-04,Ireland,IE,22
2020-03-04,Italy,IT,55
2020-03-04,Latvia,LV,3
2020-03-04,Liechtenstein,LI,14
2020-03-04,Lithuania,LT,2
2020-03-04,Luxembourg,LU,15
2020-03-04,Malta,MT,12
2020-03-04,Montenegro,ME,2
2020-03-04,Netherlands,NL,8
2020-03-04,North Macedonia,MK,2
2020-03-04,Norway,NO,5
2020-03-04,Poland,PL,2
2020-03-04,Portugal,PT,14
2020-03-04,Romania,RO,6
2020-03-04,Serbia,RS,1
2020-03-04,Slovakia,SK,4
2020-03-04,Slovenia,SI,5
2020-03-04,Spain,ES,22
2020-03-04,Sweden,SE,8
2020-03-04,Switzerland,CH,23
2020-03-04,Turkey,TR,1
2020-03-05,Albania,AL,3
2020-03-05,Austria,AT,4
2020-03-05,Belgium,BE,5
2020-03-05,Bulgaria,BG,1
2020-03-05,Croatia,HR,1
2020-03-05,Cyprus,CY,2
2020-03-05,Czechia,CZ,1
2020-03-05,Denmark,DK,2
2020-03-05,Estonia,EE,1
2020-03-05,Finland,FI,1
2020-03-05,France,FR,10
2020-03-05,Germany,DE,6
2020-03-05,Hungary,HU,1
2020-03-05,Iceland,IS,3
2020-03-05,Ireland,IE,11
2020-03-05,Italy,IT,17
2020-03-05,Latvia,LV,1
2020-03-05,Liechtenstein,LI,6
2020-03-05,Lithuania,LT,1
2020-03-05,Luxembourg,LU,7
2020-03-05,Malta,MT,5
2020-03-05,Montenegro,ME,1
2020-03-05,Netherlands,NL,4
2020-03-05,North Macedonia,MK,1
2020-03-05,Norway,NO,2
2020-03-05,Poland,PL,0
2020-03-05,Portugal,PT,6
2020-03-05,Romania,RO,2
2020-03-05,Serbia,RS,0
2020-03-05,Slovakia,SK,2
2020-03-05,Slovenia,SI,2
2020-03-05,Spain,ES,8
2020-03-05,Sweden,SE,3
2020-03-05,Switzerland,CH,9
2020-03-05,Turkey,TR,0
2020-03-06,Albania,AL,5
2020-03-06,Austria,AT,8
2020-03-06,Belgium,BE,8
2020-03-06,Bulgaria,BG,1
2020-03-06,Croatia,HR,2
2020-03-06,Cyprus,CY,4
2020-03-06,Czechia,CZ,2
2020-03-06,Denmark,DK,5
2020-03-06,Estonia,EE,3
2020-03-06,Finland,FI,1
2020-03-06,France,FR,17
2020-03-06,Germany,DE,9
2020-03-06,Hungary,HU,1
2020-03-06,Iceland,IS,5
2020-03-06,Ireland,IE,20
2020-03-06,Italy,IT,31
2020-03-06,Latvia,LV,2
2020-03-06,Liechtenstein,LI,7
2020-03-06,Lithuania,LT,1
2020-03-06,Luxembourg,LU,11
2020-03-06,Malta,MT,11
2020-03-06,Montenegro,ME,1
2020-03-06,Netherlands,NL,6
2020-03-06,North Macedonia,MK,3
2020-03-06,Norway,NO,4
2020-03-06,Poland,PL,1
2020-03-06,Portugal,PT,10
2020-03-06,Romania,RO,4
2020-03-06,Serbia,RS,1
2020-03-06,Slovakia,SK,4
2020-03-06,Slovenia,SI,4
2020-03-06,Spain,ES,13
2020-03-06,Sweden,SE,5
2020-03-06,Switzerland,CH,15
2020-03-06,Turkey,TR,1
2020-03-07,Albania,AL,11
2020-03-07,Austria,AT,19
2020-03-07,Belgium,BE,20
2020-03-07,Bulgaria,BG,4
2020-03-07,Croatia,HR,5
2020-03-07,Cyprus,CY,9
2020-03-07,Czechia,CZ,6
2020-03-07,Denmark,DK,9
2020-03-07,Estonia,EE,6
2020-03-07,Finland,FI,3
2020-03-07,France,FR,38
2020-03-07,Germany,DE,21
2020-03-07,Hungary,HU,3
2020-03-07,Iceland,IS,14
2020-03-07,Ireland,IE,37
2020-03-07,Italy,IT,95
2020-03-07,Latvia,LV,4
2020-03-07,Liechtenstein,LI,21
2020-03-07,Lithuania,LT,3
2020-03-07,Luxembourg,LU,26
2020-03-07,Malta,MT,48
2020-03-07,Montenegro,ME,2
2020-03-07,Netherlands,NL,15
2020-03-07,North Macedonia,MK,5
2020-03-07,Norway,NO,8
2020-03-07,Poland,PL,2
2020-03-07,Portugal,PT,22
2020-03-07,Romania,RO,12
2020-03-07,Serbia,RS,2
2020-03-07,Slovakia,SK,9
2020-03-07,Slovenia,SI,11
2020-03-07,Spain,ES,32
2020-03-07,Sweden,SE,11
2020-03-07,Switzerland,CH,34
2020-03-07,Turkey,TR,1
2020-03-08,Albania,AL,14
2020-03-08,Austria,AT,23
2020-03-08,Belgium,BE,18
2020-03-08,Bulgaria,BG,7
2020-03-08,Croatia,HR,3
2020-03-08,Cyprus,CY,9
2020-03-08,Czechia,CZ,7
2020-03-08,Denmark,DK,10
2020-03-08,Estonia,EE,5
2020-03-08,Finland,FI,4
2020-03-08,France,FR,42
2020-03-08,Germany,DE,25
2020-03-08,Hungary,HU,3
2020-03-08,Iceland,IS,13
2020-03-08,Ireland,IE,37
2020-03-08,Italy,IT,97
2020-03-08,Latvia,LV,5
2020-03-08,Liechtenstein,LI,36
2020-03-08,Lithuania,LT,4
2020-03-08,Luxembourg,LU,31
2020-03-08,Malta,MT,38
2020-03-08,Montenegro,ME,2
2020-03-08,Netherlands,NL,16
2020-03-08,North Macedonia,MK,5
2020-03-08,Norway,NO,10
2020-03-08,Poland,PL,2
2020-03-08,Portugal,PT,26
2020-03-08,Romania,RO,18
2020-03-08,Serbia,RS,2
2020-03-08,Slovakia,SK,10
2020-03-08,Slovenia,SI,10
2020-03-08,Spain,ES,33
2020-03-08,Sweden,SE,10
2020-03-08,Switzerland,CH,36
2020-03-08,Turkey,TR,1
2020-03-09,Albania,AL,17
2020-03-09,Austria,AT,9
2020-03-09,Belgium,BE,8
2020-03-09,Bulgaria,BG,2
2020-03-09,Croatia,HR,2
2020-03-09,Cyprus,CY,7
2020-03-09,Czechia,CZ,3
2020-03-09,Denmark,DK,5
2020-03-09,Estonia,EE,2
2020-03-09,Finland,FI,2
2020-03-09,France,FR,16
2020-03-09,Germany,DE,10
2020-03-09,Hungary,HU,2
2020-03-09,Iceland,IS,5
2020-03-09,Ireland,IE,19
2020-03-09,Italy,IT,39
2020-03-09,Latvia,LV,2
2020-03-09,Liechtenstein,LI,13
2020-03-09,Lithuania,LT,2
2020-03-09,Luxembourg,LU,14
2020-03-09,Malta,MT,20
2020-03-09,Montenegro,ME,1
2020-03-09,Netherlands,NL,7
2020-03-09,North Macedonia,MK,4
2020-03-09,Norway,NO,4
2020-03-09,Poland,PL,1
2020-03-09,Portugal,PT,14
2020-03-09,Romania,RO,12
2020-03-09,Serbia,RS,1
2020-03-09,Slovakia,SK,6
2020-03-09,Slovenia,SI,5
2020-03-09,Spain,ES,24
2020-03-09,Sweden,SE,5
2020-03-09,Switzerland,CH,14
2020-03-09,Turkey,TR,0
2020-03-10,Albania,AL,17
2020-03-10,Austria,AT,20
2020-03-10,Belgium,BE,11
2020-03-10,Bulgaria,BG,2
2020-03-10,Croatia,HR,3
2020-03-10,Cyprus,CY,14
2020-03-10,Czechia,CZ,5
2020-03-10,Denmark,DK,10
2020-03-10,Estonia,EE,3
2020-03-10,Finland,FI,3
2020-03-10,France,FR,19
2020-03-10,Germany,DE,13
2020-03-10,Hungary,HU,2
2020-03-10,Iceland,IS,6
2020-03-10,Ireland,IE,26
2020-03-10,Italy,IT,43
2020-03-10,Latvia,LV,3
2020-03-10,Liechtenstein,LI,9
2020-03-10,Lithuania,LT,2
2020-03-10,Luxembourg,LU,18
2020-03-10,Malta,MT,20
2020-03-10,Montenegro,ME,2
2020-03-10,Netherlands,NL,9
2020-03-10,North Macedonia,MK,9
2020-03-10,Norway,NO,6
2020-03-10,Poland,PL,2
2020-03-10,Portugal,PT,21
2020-03-10,Romania,RO,18
2020-03-10,Serbia,RS,3
2020-03-10,Slovakia,SK,5
2020-03-10,Slovenia,SI,6
2020-03-10,Spain,ES,38
2020-03-10,Sweden,SE,7
2020-03-10,Switzerland,CH,18
2020-03-10,Turkey,TR,1
2020-03-11,Albania,AL,6
2020-03-11,Austria,AT,10
2020-03-11,Belgium,BE,5
2020-03-11,Bulgaria,BG,1
2020-03-11,Croatia,HR,2
2020-03-11,Cyprus,CY,5
2020-03-11,Czechia,CZ,2
2020-03-11,Denmark,DK,5
2020-03-11,Estonia,EE,2
2020-03-11,Finland,FI,1
2020-03-11,France,FR,8
2020-03-11,Germany,DE,6
2020-03-11,Hungary,HU,1
2020-03-11,Iceland,IS,3
2020-03-11,Ireland,IE,12
2020-03-11,Italy,IT,18
2020-03-11,Latvia,LV,1
2020-03-11,Liechtenstein,LI,6
2020-03-11,Lithuania,LT,1
2020-03-11,Luxembourg,LU,8
2020-03-11,Malta,MT,12
2020-03-11,Montenegro,ME,2
2020-03-11,Netherlands,NL,4
2020-03-11,North Macedonia,MK,4
2020-03-11,Norway,NO,3
2020-03-11,Poland,PL,1
2020-03-11,Portugal,PT,11
2020-03-11,Romania,RO,10
2020-03-11,Serbia,RS,1
2020-03-11,Slovakia,SK,2
2020-03-11,Slovenia,SI,3
2020-03-11,Spain,ES,17
2020-03-11,Sweden,SE,4
2020-03-11,Switzerland,CH,8
2020-03-11,Turkey,TR,1
2020-03-12,Albania,AL,16
2020-03-12,Austria,AT,29
2020-03-12,Belgium,BE,26
2020-03-12,Bulgaria,BG,5
2020-03-12,Croatia,HR,6
2020-03-12,Cyprus,CY,15
2020-03-12,Czechia,CZ,7
2020-03-12,Denmark,DK,13
2020-03-12,Estonia,EE,7
2020-03-12,Finland,FI,6
2020-03-12,France,FR,37
2020-03-12,Germany,DE,20
2020-03-12,Hungary,HU,4
2020-03-12,Iceland,IS,11
2020-03-12,Ireland,IE,41
2020-03-12,Italy,IT,45
2020-03-12,Latvia,LV,6
2020-03-12,Liechtenstein,LI,32
2020-03-12,Lithuania,LT,6
2020-03-12,Luxembourg,LU,38
2020-03-12,Malta,MT,43
2020-03-12,Montenegro,ME,6
2020-03-12,Netherlands,NL,15
2020-03-12,North Macedonia,MK,12
2020-03-12,Norway,NO,11
2020-03-12,Poland,PL,3
2020-03-12,Portugal,PT,32
2020-03-12,Romania,RO,30
2020-03-12,Serbia,RS,5
2020-03-12,Slovakia,SK,9
2020-03-12,Slovenia,SI,11
2020-03-12,Spain,ES,62
2020-03-12,Sweden,SE,13
2020-03-12,Switzerland,CH,31
2020-03-12,Turkey,TR,2
2020-03-13,Albania,AL,13
2020-03-13,Austria,AT,25
2020-03-13,Belgium,BE,20
2020-03-13,Bulgaria,BG,5
2020-03-13,Croatia,HR,4
2020-03-13,Cyprus,CY,14
2020-03-13,Czechia,CZ,5
2020-03-13,Denmark,DK,8
2020-03-13,Estonia,EE,7
2020-03-13,Finland,FI,4
2020-03-13,France,FR,33
2020-03-13,Germany,DE,19
2020-03-13,Hungary,HU,3
2020-03-13,Iceland,IS,10
2020-03-13,Ireland,IE,30
2020-03-13,Italy,IT,34
2020-03-13,Latvia,LV,4
2020-03-13,Liechtenstein,LI,21
2020-03-13,Lithuania,LT,5
2020-03-13,Luxembourg,LU,28
2020-03-13,Malta,MT,26
2020-03-13,Montenegro,ME,5
2020-03-13,Netherlands,NL,12
2020-03-13,North Macedonia,MK,10
2020-03-13,Norway,NO,7
2020-03-13,Poland,PL,2
2020-03-13,Portugal,PT,24
2020-03-13,Romania,RO,26
2020-03-13,Serbia,RS,4
2020-03-13,Slovakia,SK,7
2020-03-13,Slovenia,SI,8
2020-03-13,Spain,ES,51
2020-03-13,Sweden,SE,9
2020-03-13,Switzerland,CH,35
2020-03-13,Turkey,TR,2
2020-03-14,Albania,AL,16
2020-03-14,Austria,AT,37
2020-03-14,Belgium,BE,27
2020-03-14,Bulgaria,BG,7
2020-03-14,Croatia,HR,6
2020-03-14,Cyprus,CY,19
2020-03-14,Czechia,CZ,8
2020-03-14,Denmark,DK,11
2020-03-14,Estonia,EE,10
2020-03-14,Finland,FI,5
2020-03-14,France,FR,56
2020-03-14,Germany,DE,28
2020-03-14,Hungary,HU,5
2020-03-14,Iceland,IS,13
2020-03-14,Ireland,IE,49
2020-03-14,Italy,IT,50
2020-03-14,Latvia,LV,8
2020-03-14,Liechtenstein,LI,27
2020-03-14,Lithuania,LT,8
2020-03-14,Luxembourg,LU,39
2020-03-14,Malta,MT,39
2020-03-14,Montenegro,ME,6
2020-03-14,Netherlands,NL,18
2020-03-14,North Macedonia,MK,18
2020-03-14,Norway,NO,10
2020-03-14,Poland,PL,3
2020-03-14,Portugal,PT,37
2020-03-14,Romania,RO,42
2020-03-14,Serbia,RS,6
2020-03-14,Slovakia,SK,11
2020-03-14,Slovenia,SI,14
2020-03-14,Spain,ES,72
2020-03-14,Sweden,SE,12
2020-03-14,Switzerland,CH,42
2020-03-14,Turkey,TR,2
2020-03-15,Albania,AL,18
2020-03-15,Austria,AT,41
2020-03-15,Belgium,BE,30
2020-03-15,Bulgaria,BG,7
2020-03-15,Croatia,HR,7
2020-03-15,Cyprus,CY,21
2020-03-15,Czechia,CZ,8
2020-03-15,Denmark,DK,10
2020-03-15,Estonia,EE,7
2020-03-15,Finland,FI,5
2020-03-15,France,FR,65
2020-03-15,Germany,DE,30
2020-03-15,Hungary,HU,5
2020-03-15,Iceland,IS,14
2020-03-15,Ireland,IE,52
2020-03-15,Italy,IT,54
2020-03-15,Latvia,LV,7
2020-03-15,Liechtenstein,LI,27
2020-03-15,Lithuania,LT,9
2020-03-15,Luxembourg,LU,49
2020-03-15,Malta,MT,43
2020-03-15,Montenegro,ME,8
2020-03-15,Netherlands,NL,21
2020-03-15,North Macedonia,MK,15
2020-03-15,Norway,NO,10
2020-03-15,Poland,PL,3
2020-03-15,Portugal,PT,32
2020-03-15,Romania,RO,38
2020-03-15,Serbia,RS,7
2020-03-15,Slovakia,SK,11
2020-03-15,Slovenia,SI,14
2020-03-15,Spain,ES,72
2020-03-15,Sweden,SE,12
2020-03-15,Switzerland,CH,48
2020-03-15,Turkey,TR,2
2020-03-16,Albania,AL,22
2020-03-16,Austria,AT,40
2020-03-16,Belgium,BE,36
2020-03-16,Bulgaria,BG,7
2020-03-16,Croatia,HR,6
2020-03-16,Cyprus,CY,23
2020-03-16,Czechia,CZ,8
2020-03-16,Denmark,DK,10
2020-03-16,Estonia,EE,7
2020-03-16,Finland,FI,6
2020-03-16,France,FR,76
2020-03-16,Germany,DE,35
2020-03-16,Hungary,HU,6
2020-03-16,Iceland,IS,13
2020-03-16,Ireland,IE,61
2020-03-16,Italy,IT,62
2020-03-16,Latvia,LV,8
2020-03-16,Liechtenstein,LI,41
2020-03-16,Lithuania,LT,8
2020-03-16,Luxembourg,LU,52
2020-03-16,Malta,MT,50
2020-03-16,Montenegro,ME,10
2020-03-16,Netherlands,NL,22
2020-03-16,North Macedonia,MK,17
2020-03-16,Norway,NO,9
2020-03-16,Poland,PL,3
2020-03-16,Portugal,PT,35
2020-03-16,Romania,RO,42
2020-03-16,Serbia,RS,7
2020-03-16,Slovakia,SK,12
2020-03-16,Slovenia,SI,11
2020-03-16,Spain,ES,74
2020-03-16,Sweden,SE,13
2020-03-16,Switzerland,CH,62
2020-03-16,Turkey,TR,4
2020-03-17,Albania,AL,16
2020-03-17,Austria,AT,32
2020-03-17,Belgium,BE,32
2020-03-17,Bulgaria,BG,7
2020-03-17,Croatia,HR,6
2020-03-17,Cyprus,CY,20
2020-03-17,Czechia,CZ,7
2020-03-17,Denmark,DK,10
2020-03-17,Estonia,EE,7
2020-03-17,Finland,FI,5
2020-03-17,France,FR,63
2020-03-17,Germany,DE,29
2020-03-17,Hungary,HU,5
2020-03-17,Iceland,IS,11
2020-03-17,Ireland,IE,50
2020-03-17,Italy,IT,56
2020-03-17,Latvia,LV,7
2020-03-17,Liechtenstein,LI,39
2020-03-17,Lithuania,LT,9
2020-03-17,Luxembourg,LU,45
2020-03-17,Malta,MT,39
2020-03-17,Montenegro,ME,10
2020-03-17,Netherlands,NL,18
2020-03-17,North Macedonia,MK,17
2020-03-17,Norway,NO,8
2020-03-17,Poland,PL,3
2020-03-17,Portugal,PT,27
2020-03-17,Romania,RO,36
2020-03-17,Serbia,RS,6
2020-03-17,Slovakia,SK,11
2020-03-17,Slovenia,SI,11
2020-03-17,Spain,ES,65
2020-03-17,Sweden,SE,11
2020-03-17,Switzerland,CH,43
2020-03-17,Turkey,TR,3
2020-03-18,Albania,AL,10
2020-03-18,Austria,AT,17
2020-03-18,Belgium,BE,16
2020-03-18,Bulgaria,BG,4
2020-03-18,Croatia,HR,5
2020-03-18,Cyprus,CY,11
2020-03-18,Czechia,CZ,4
2020-03-18,Denmark,DK,5
2020-03-18,Estonia,EE,3
2020-03-18,Finland,FI,2
2020-03-18,France,FR,42
2020-03-18,Germany,DE,16
2020-03-18,Hungary,HU,2
2020-03-18,Iceland,IS,6
2020-03-18,Ireland,IE,28
2020-03-18,Italy,IT,33
2020-03-18,Latvia,LV,4
2020-03-18,Liechtenstein,LI,16
2020-03-18,Lithuania,LT,4
2020-03-18,Luxembourg,LU,24
2020-03-18,Malta,MT,22
2020-03-18,Montenegro,ME,4
2020-03-18,Netherlands,NL,10
2020-03-18,North Macedonia,MK,11
2020-03-18,Norway,NO,4
2020-03-18,Poland,PL,2
2020-03-18,Portugal,PT,16
2020-03-18,Romania,RO,20
2020-03-18,Serbia,RS,4
2020-03-18,Slovakia,SK,6
2020-03-18,Slovenia,SI,6
2020-03-18,Spain,ES,39
2020-03-18,Sweden,SE,5
2020-03-18,Switzerland,CH,24
2020-03-18,Turkey,TR,2
2020-03-19,Albania,AL,10
2020-03-19,Austria,AT,16
2020-03-19,Belgium,BE,16
2020-03-19,Bulgaria,BG,4
2020-03-19,Croatia,HR,4
2020-03-19,Cyprus,CY,10
2020-03-19,Czechia,CZ,4
2020-03-19,Denmark,DK,5
2020-03-19,Estonia,EE,3
2020-03-19,Finland,FI,2
2020-03-19,France,FR,31
2020-03-19,Germany,DE,15
2020-03-19,Hungary,HU,2
2020-03-19,Iceland,IS,5
2020-03-19,Ireland,IE,24
2020-03-19,Italy,IT,34
2020-03-19,Latvia,LV,4
2020-03-19,Liechtenstein,LI,17
2020-03-19,Lithuania,LT,5
2020-03-19,Luxembourg,LU,24
2020-03-19,Malta,MT,26
2020-03-19,Montenegro,ME,4
2020-03-19,Netherlands,NL,8
2020-03-19,North Macedonia,MK,11
2020-03-19,Norway,NO,4
2020-03-19,Poland,PL,2
2020-03-19,Portugal,PT,15
2020-03-19,Romania,RO,20
2020-03-19,Serbia,RS,4
2020-03-19,Slovakia,SK,5
2020-03-19,Slovenia,SI,5
2020-03-19,Spain,ES,39
2020-03-19,Sweden,SE,5
2020-03-19,Switzerland,CH,24
2020-03-19,Turkey,TR,2
2020-03-20,Albania,AL,6
2020-03-20,Austria,AT,8
2020-03-20,Belgium,BE,9
2020-03-20,Bulgaria,BG,2
2020-03-20,Croatia,HR,3
2020-03-20,Cyprus,CY,5
2020-03-20,Czechia,CZ,2
2020-03-20,Denmark,DK,3
2020-03-20,Estonia,EE,1
2020-03-20,Finland,FI,1
2020-03-20,France,FR,17
2020-03-20,Germany,DE,8
2020-03-20,Hungary,HU,1
2020-03-20,Iceland,IS,3
2020-03-20,Ireland,IE,13
2020-03-20,Italy,IT,19
2020-03-20,Latvia,LV,2
2020-03-20,Liechtenstein,LI,11
2020-03-20,Lithuania,LT,3
2020-03-20,Luxembourg,LU,12
2020-03-20,Malta,MT,13
2020-03-20,Montenegro,ME,2
2020-03-20,Netherlands,NL,4
2020-03-20,North Macedonia,MK,7
2020-03-20,Norway,NO,2
2020-03-20,Poland,PL,1
2020-03-20,Portugal,PT,7
2020-03-20,Romania,RO,11
2020-03-20,Serbia,RS,2
2020-03-20,Slovakia,SK,3
2020-03-20,Slovenia,SI,3
2020-03-20,Spain,ES,21
2020-03-20,Sweden,SE,3
2020-03-20,Switzerland,CH,13
2020-03-20,Turkey,TR,1
2020-03-21,Albania,AL,10
2020-03-21,Austria,AT,13
2020-03-21,Belgium,BE,16
2020-03-21,Bulgaria,BG,4
2020-03-21,Croatia,HR,6
2020-03-21,Cyprus,CY,10
2020-03-21,Czechia,CZ,4
2020-03-21,Denmark,DK,5
2020-03-21,Estonia,EE,3
2020-03-21,Finland,FI,2
2020-03-21,France,FR,28
2020-03-21,Germany,DE,14
2020-03-21,Hungary,HU,2
2020-03-21,Iceland,IS,8
2020-03-21,Ireland,IE,24
2020-03-21,Italy,IT,33
2020-03-21,Latvia,LV,3
2020-03-21,Liechtenstein,LI,12
2020-03-21,Lithuania,LT,5
2020-03-21,Luxembourg,LU,23
2020-03-21,Malta,MT,20
2020-03-21,Montenegro,ME,4
2020-03-21,Netherlands,NL,8
2020-03-21,North Macedonia,MK,11
2020-03-21,Norway,NO,4
2020-03-21,Poland,PL,2
2020-03-21,Portugal,PT,13
2020-03-21,Romania,RO,20
2020-03-21,Serbia,RS,4
2020-03-21,Slovakia,SK,6
2020-03-21,Slovenia,SI,6
2020-03-21,Spain,ES,38
2020-03-21,Sweden,SE,4
2020-03-21,Switzerland,CH,22
2020-03-21,Turkey,TR,1
2020-03-22,Albania,AL,4
2020-03-22,Austria,AT,6
2020-03-22,Belgium,BE,6
2020-03-22,Bulgaria,BG,2
2020-03-22,Croatia,HR,2
2020-03-22,Cyprus,CY,5
2020-03-22,Czechia,CZ,1
2020-03-22,Denmark,DK,2
2020-03-22,Estonia,EE,1
2020-03-22,Finland,FI,1
2020-03-22,France,FR,11
2020-03-22,Germany,DE,10
2020-03-22,Hungary,HU,1
2020-03-22,Iceland,IS,3
2020-03-22,Ireland,IE,10
2020-03-22,Italy,IT,13
2020-03-22,Latvia,LV,1
2020-03-22,Liechtenstein,LI,4
2020-03-22,Lithuania,LT,2
2020-03-22,Luxembourg,LU,8
2020-03-22,Malta,MT,9
2020-03-22,Montenegro,ME,2
2020-03-22,Netherlands,NL,3
2020-03-22,North Macedonia,MK,5
2020-03-22,Norway,NO,2
2020-03-22,Poland,PL,1
2020-03-22,Portugal,PT,5
2020-03-22,Romania,RO,7
2020-03-22,Serbia,RS,2
2020-03-22,Slovakia,SK,2
2020-03-22,Slovenia,SI,2
2020-03-22,Spain,ES,15
2020-03-22,Sweden,SE,2
2020-03-22,Switzerland,CH,9
2020-03-22,Turkey,TR,1
2020-03-23,Albania,AL,17
2020-03-23,Austria,AT,17
2020-03-23,Belgium,BE,19
2020-03-23,Bulgaria,BG,5
2020-03-23,Croatia,HR,6
2020-03-23,Cyprus,CY,17
2020-03-23,Czechia,CZ,4
2020-03-23,Denmark,DK,6
2020-03-23,Estonia,EE,4
2020-03-23,Finland,FI,3
2020-03-23,France,FR,37
2020-03-23,Germany,DE,18
2020-03-23,Hungary,HU,3
2020-03-23,Iceland,IS,8
2020-03-23,Ireland,IE,36
2020-03-23,Italy,IT,41
2020-03-23,Latvia,LV,5
2020-03-23,Liechtenstein,LI,12
2020-03-23,Lithuania,LT,7
2020-03-23,Luxembourg,LU,28
2020-03-23,Malta,MT,27
2020-03-23,Montenegro,ME,5
2020-03-23,Netherlands,NL,10
2020-03-23,North Macedonia,MK,13
2020-03-23,Norway,NO,5
2020-03-23,Poland,PL,2
2020-03-23,Portugal,PT,16
2020-03-23,Romania,RO,26
2020-03-23,Serbia,RS,5
2020-03-23,Slovakia,SK,6
2020-03-23,Slovenia,SI,7
2020-03-23,Spain,ES,45
2020-03-23,Sweden,SE,6
2020-03-23,Switzerland,CH,29
2020-03-23,Turkey,TR,2
