geo,age,sex,pop
AL,TOTAL,female,1432833 
AL,UNK,female,0 
AL,Y10-14,female,84549 
AL,Y15-19,female,102455 
AL,Y20-24,female,118460 
AL,Y25-29,female,116409 
AL,Y30-34,female,93256 
AL,Y35-39,female,83281 
AL,Y40-44,female,83208 
AL,Y45-49,female,92099 
AL,Y5-9,female,80038 
AL,Y50-54,female,98377 
AL,Y55-59,female,104758 
AL,Y60-64,female,91566 
AL,Y65-69,female,69607 
AL,Y70-74,female,52502 
AL,Y75-79,female,45948 
AL,Y80-84,female,27315 
AL,Y_GE75,female,86434 
AL,Y_GE80,female,40486 
AL,Y_GE85,female,13171 
AL,Y_LT5,female,75834 
AL,TOTAL,male,1429594 
AL,UNK,male,0 
AL,Y10-14,male,89801 
AL,Y15-19,male,104737 
AL,Y20-24,male,118522 
AL,Y25-29,male,120969 
AL,Y30-34,male,104446 
AL,Y35-39,male,85824 
AL,Y40-44,male,79173 
AL,Y45-49,male,85217 
AL,Y5-9,male,83414 
AL,Y50-54,male,93241 
AL,Y55-59,male,101895 
AL,Y60-64,male,87894 
AL,Y65-69,male,66443 
AL,Y70-74,male,50338 
AL,Y75-79,male,41965 
AL,Y80-84,male,24909 
AL,Y_GE75,male,77892 
AL,Y_GE80,male,35927 
AL,Y_GE85,male,11018 
AL,Y_LT5,male,79788 
AL,TOTAL,total,2862427 
AL,UNK,total,0 
AL,Y10-14,total,174350 
AL,Y15-19,total,207192 
AL,Y20-24,total,236982 
AL,Y25-29,total,237378 
AL,Y30-34,total,197702 
AL,Y35-39,total,169105 
AL,Y40-44,total,162381 
AL,Y45-49,total,177316 
AL,Y5-9,total,163452 
AL,Y50-54,total,191618 
AL,Y55-59,total,206653 
AL,Y60-64,total,179460 
AL,Y65-69,total,136050 
AL,Y70-74,total,102840 
AL,Y75-79,total,87913 
AL,Y80-84,total,52224 
AL,Y_GE75,total,164326 
AL,Y_GE80,total,76413 
AL,Y_GE85,total,24189 
AL,Y_LT5,total,155622 
AT,TOTAL,female,4501742 
AT,UNK,female,0 
AT,Y10-14,female,206133 
AT,Y15-19,female,212135 
AT,Y20-24,female,257454 
AT,Y25-29,female,294888 
AT,Y30-34,female,296545 
AT,Y35-39,female,297410 
AT,Y40-44,female,283391 
AT,Y45-49,female,323491 
AT,Y5-9,female,203926 
AT,Y50-54,female,355963 
AT,Y55-59,female,334314 
AT,Y60-64,female,279301 
AT,Y65-69,female,235023 
AT,Y70-74,female,210049 
AT,Y75-79,female,219873 
AT,Y80-84,female,128029 
AT,Y_GE75,female,500658 
AT,Y_GE80,female,280785 
AT,Y_GE85,female,152756 
AT,Y_LT5,female,211061 
AT,TOTAL,male,4357033 
AT,UNK,male,0 
AT,Y10-14,male,217140 
AT,Y15-19,male,226869 
AT,Y20-24,male,273309 
AT,Y25-29,male,308820 
AT,Y30-34,male,306621 
AT,Y35-39,male,302548 
AT,Y40-44,male,283265 
AT,Y45-49,male,319069 
AT,Y5-9,male,216360 
AT,Y50-54,male,359620 
AT,Y55-59,male,332571 
AT,Y60-64,male,263940 
AT,Y65-69,male,211022 
AT,Y70-74,male,177376 
AT,Y75-79,male,172699 
AT,Y80-84,male,88550 
AT,Y_GE75,male,334431 
AT,Y_GE80,male,161732 
AT,Y_GE85,male,73182 
AT,Y_LT5,male,224072 
AT,TOTAL,total,8858775 
AT,UNK,total,0 
AT,Y10-14,total,423273 
AT,Y15-19,total,439004 
AT,Y20-24,total,530763 
AT,Y25-29,total,603708 
AT,Y30-34,total,603166 
AT,Y35-39,total,599958 
AT,Y40-44,total,566656 
AT,Y45-49,total,642560 
AT,Y5-9,total,420286 
AT,Y50-54,total,715583 
AT,Y55-59,total,666885 
AT,Y60-64,total,543241 
AT,Y65-69,total,446045 
AT,Y70-74,total,387425 
AT,Y75-79,total,392572 
AT,Y80-84,total,216579 
AT,Y_GE75,total,835089 
AT,Y_GE80,total,442517 
AT,Y_GE85,total,225938 
AT,Y_LT5,total,435133 
BE,TOTAL,female,5810693 
BE,UNK,female,0 
BE,Y10-14,female,320521 
BE,Y15-19,female,307712 
BE,Y20-24,female,328722 
BE,Y25-29,female,371623 
BE,Y30-34,female,368614 
BE,Y35-39,female,374627 
BE,Y40-44,female,362807 
BE,Y45-49,female,384045 
BE,Y5-9,female,325662 
BE,Y50-54,female,396620 
BE,Y55-59,female,395473 
BE,Y60-64,female,360409 
BE,Y65-69,female,317045 
BE,Y70-74,female,281596 
BE,Y75-79,female,206039 
BE,Y80-84,female,188231 
BE,Y_GE75,female,614218 
BE,Y_GE80,female,408179 
BE,Y_GE85,female,219948 
BE,Y_LT5,female,300999 
BE,TOTAL,male,5644826 
BE,UNK,male,0 
BE,Y10-14,male,336284 
BE,Y15-19,male,323790 
BE,Y20-24,male,341598 
BE,Y25-29,male,374924 
BE,Y30-34,male,368166 
BE,Y35-39,male,377157 
BE,Y40-44,male,368567 
BE,Y45-49,male,393483 
BE,Y5-9,male,340923 
BE,Y50-54,male,406309 
BE,Y55-59,male,395854 
BE,Y60-64,male,349994 
BE,Y65-69,male,298587 
BE,Y70-74,male,249942 
BE,Y75-79,male,165281 
BE,Y80-84,male,131154 
BE,Y_GE75,male,404071 
BE,Y_GE80,male,238790 
BE,Y_GE85,male,107636 
BE,Y_LT5,male,315177 
BE,TOTAL,total,11455519 
BE,UNK,total,0 
BE,Y10-14,total,656805 
BE,Y15-19,total,631502 
BE,Y20-24,total,670320 
BE,Y25-29,total,746547 
BE,Y30-34,total,736780 
BE,Y35-39,total,751784 
BE,Y40-44,total,731374 
BE,Y45-49,total,777528 
BE,Y5-9,total,666585 
BE,Y50-54,total,802929 
BE,Y55-59,total,791327 
BE,Y60-64,total,710403 
BE,Y65-69,total,615632 
BE,Y70-74,total,531538 
BE,Y75-79,total,371320 
BE,Y80-84,total,319385 
BE,Y_GE75,total,1018289 
BE,Y_GE80,total,646969 
BE,Y_GE85,total,327584 
BE,Y_LT5,total,616176 
BG,TOTAL,female,3604338 
BG,UNK,female,0 
BG,Y10-14,female,162313 
BG,Y15-19,female,153256 
BG,Y20-24,female,149153 
BG,Y25-29,female,203810 
BG,Y30-34,female,232109 
BG,Y35-39,female,235844 
BG,Y40-44,female,264556 
BG,Y45-49,female,252682 
BG,Y5-9,female,167766 
BG,Y50-54,female,232988 
BG,Y55-59,female,243016 
BG,Y60-64,female,255592 
BG,Y65-69,female,264579 
BG,Y70-74,female,235772 
BG,Y75-79,female,171909 
BG,Y80-84,female,127358 
BG,Y_GE75,female,392724 
BG,Y_GE80,female,220815 
BG,Y_GE85,female,93457 
BG,Y_LT5,female,158178 
BG,TOTAL,male,3395701 
BG,UNK,male,0 
BG,Y10-14,male,172140 
BG,Y15-19,male,162291 
BG,Y20-24,male,158591 
BG,Y25-29,male,215814 
BG,Y30-34,male,247397 
BG,Y35-39,male,254064 
BG,Y40-44,male,279842 
BG,Y45-49,male,265640 
BG,Y5-9,male,176901 
BG,Y50-54,male,236143 
BG,Y55-59,male,234382 
BG,Y60-64,male,224905 
BG,Y65-69,male,209008 
BG,Y70-74,male,165752 
BG,Y75-79,male,107489 
BG,Y80-84,male,70638 
BG,Y_GE75,male,225284 
BG,Y_GE80,male,117795 
BG,Y_GE85,male,47157 
BG,Y_LT5,male,167547 
BG,TOTAL,total,7000039 
BG,UNK,total,0 
BG,Y10-14,total,334453 
BG,Y15-19,total,315547 
BG,Y20-24,total,307744 
BG,Y25-29,total,419624 
BG,Y30-34,total,479506 
BG,Y35-39,total,489908 
BG,Y40-44,total,544398 
BG,Y45-49,total,518322 
BG,Y5-9,total,344667 
BG,Y50-54,total,469131 
BG,Y55-59,total,477398 
BG,Y60-64,total,480497 
BG,Y65-69,total,473587 
BG,Y70-74,total,401524 
BG,Y75-79,total,279398 
BG,Y80-84,total,197996 
BG,Y_GE75,total,618008 
BG,Y_GE80,total,338610 
BG,Y_GE85,total,140614 
BG,Y_LT5,total,325725 
CH,TOTAL,female,4307406 
CH,UNK,female,0 
CH,Y10-14,female,202067 
CH,Y15-19,female,205936 
CH,Y20-24,female,234345 
CH,Y25-29,female,280334 
CH,Y30-34,female,300338 
CH,Y35-39,female,301305 
CH,Y40-44,female,290066 
CH,Y45-49,female,308700 
CH,Y5-9,female,209297 
CH,Y50-54,female,332252 
CH,Y55-59,female,303032 
CH,Y60-64,female,252356 
CH,Y65-69,female,221435 
CH,Y70-74,female,209268 
CH,Y75-79,female,168111 
CH,Y80-84,female,128022 
CH,Y_GE75,female,443547 
CH,Y_GE80,female,275436 
CH,Y_GE85,female,147414 
CH,Y_LT5,female,213128 
CH,TOTAL,male,4237121 
CH,UNK,male,0 
CH,Y10-14,male,213495 
CH,Y15-19,male,219776 
CH,Y20-24,male,249100 
CH,Y25-29,male,288954 
CH,Y30-34,male,306152 
CH,Y35-39,male,307401 
CH,Y40-44,male,293717 
CH,Y45-49,male,311949 
CH,Y5-9,male,221007 
CH,Y50-54,male,338894 
CH,Y55-59,male,307700 
CH,Y60-64,male,251173 
CH,Y65-69,male,206561 
CH,Y70-74,male,188848 
CH,Y75-79,male,139426 
CH,Y80-84,male,92810 
CH,Y_GE75,male,307642 
CH,Y_GE80,male,168216 
CH,Y_GE85,male,75406 
CH,Y_LT5,male,224752 
CH,TOTAL,total,8544527 
CH,UNK,total,0 
CH,Y10-14,total,415562 
CH,Y15-19,total,425712 
CH,Y20-24,total,483445 
CH,Y25-29,total,569288 
CH,Y30-34,total,606490 
CH,Y35-39,total,608706 
CH,Y40-44,total,583783 
CH,Y45-49,total,620649 
CH,Y5-9,total,430304 
CH,Y50-54,total,671146 
CH,Y55-59,total,610732 
CH,Y60-64,total,503529 
CH,Y65-69,total,427996 
CH,Y70-74,total,398116 
CH,Y75-79,total,307537 
CH,Y80-84,total,220832 
CH,Y_GE75,total,751189 
CH,Y_GE80,total,443652 
CH,Y_GE85,total,222820 
CH,Y_LT5,total,437880 
CY,TOTAL,female,448068 
CY,UNK,female,0 
CY,Y10-14,female,22270 
CY,Y15-19,female,24427 
CY,Y20-24,female,33277 
CY,Y25-29,female,38048 
CY,Y30-34,female,37254 
CY,Y35-39,female,33972 
CY,Y40-44,female,28918 
CY,Y45-49,female,27729 
CY,Y5-9,female,24138 
CY,Y50-54,female,27257 
CY,Y55-59,female,27588 
CY,Y60-64,female,24520 
CY,Y65-69,female,23227 
CY,Y70-74,female,19422 
CY,Y75-79,female,14742 
CY,Y80-84,female,10412 
CY,Y_GE75,female,33407 
CY,Y_GE80,female,18665 
CY,Y_GE85,female,8253 
CY,Y_LT5,female,22614 
CY,TOTAL,male,427831 
CY,UNK,male,0 
CY,Y10-14,male,23200 
CY,Y15-19,male,24429 
CY,Y20-24,male,30018 
CY,Y25-29,male,36530 
CY,Y30-34,male,35955 
CY,Y35-39,male,32678 
CY,Y40-44,male,27240 
CY,Y45-49,male,26325 
CY,Y5-9,male,24966 
CY,Y50-54,male,26614 
CY,Y55-59,male,26958 
CY,Y60-64,male,23846 
CY,Y65-69,male,21966 
CY,Y70-74,male,17152 
CY,Y75-79,male,12590 
CY,Y80-84,male,7999 
CY,Y_GE75,male,25938 
CY,Y_GE80,male,13348 
CY,Y_GE85,male,5349 
CY,Y_LT5,male,24016 
CY,TOTAL,total,875899 
CY,UNK,total,0 
CY,Y10-14,total,45470 
CY,Y15-19,total,48856 
CY,Y20-24,total,63295 
CY,Y25-29,total,74578 
CY,Y30-34,total,73209 
CY,Y35-39,total,66650 
CY,Y40-44,total,56158 
CY,Y45-49,total,54054 
CY,Y5-9,total,49104 
CY,Y50-54,total,53871 
CY,Y55-59,total,54546 
CY,Y60-64,total,48366 
CY,Y65-69,total,45193 
CY,Y70-74,total,36574 
CY,Y75-79,total,27332 
CY,Y80-84,total,18411 
CY,Y_GE75,total,59345 
CY,Y_GE80,total,32013 
CY,Y_GE85,total,13602 
CY,Y_LT5,total,46630 
CZ,TOTAL,female,5405606 
CZ,UNK,female,0 
CZ,Y10-14,female,269794 
CZ,Y15-19,female,227173 
CZ,Y20-24,female,242645 
CZ,Y25-29,female,325537 
CZ,Y30-34,female,351422 
CZ,Y35-39,female,380714 
CZ,Y40-44,female,456041 
CZ,Y45-49,female,382802 
CZ,Y5-9,female,279079 
CZ,Y50-54,female,339749 
CZ,Y55-59,female,313641 
CZ,Y60-64,female,350778 
CZ,Y65-69,female,364441 
CZ,Y70-74,female,330966 
CZ,Y75-79,female,226982 
CZ,Y80-84,female,145219 
CZ,Y_GE75,female,514347 
CZ,Y_GE80,female,287365 
CZ,Y_GE85,female,142146 
CZ,Y_LT5,female,276477 
CZ,TOTAL,male,5244194 
CZ,UNK,male,0 
CZ,Y10-14,male,284120 
CZ,Y15-19,male,240218 
CZ,Y20-24,male,255372 
CZ,Y25-29,male,343440 
CZ,Y30-34,male,373769 
CZ,Y35-39,male,406261 
CZ,Y40-44,male,481362 
CZ,Y45-49,male,404233 
CZ,Y5-9,male,292895 
CZ,Y50-54,male,352218 
CZ,Y55-59,male,314566 
CZ,Y60-64,male,328182 
CZ,Y65-69,male,315501 
CZ,Y70-74,male,258907 
CZ,Y75-79,male,156913 
CZ,Y80-84,male,83949 
CZ,Y_GE75,male,302455 
CZ,Y_GE80,male,145542 
CZ,Y_GE85,male,61593 
CZ,Y_LT5,male,290695 
CZ,TOTAL,total,10649800 
CZ,UNK,total,0 
CZ,Y10-14,total,553914 
CZ,Y15-19,total,467391 
CZ,Y20-24,total,498017 
CZ,Y25-29,total,668977 
CZ,Y30-34,total,725191 
CZ,Y35-39,total,786975 
CZ,Y40-44,total,937403 
CZ,Y45-49,total,787035 
CZ,Y5-9,total,571974 
CZ,Y50-54,total,691967 
CZ,Y55-59,total,628207 
CZ,Y60-64,total,678960 
CZ,Y65-69,total,679942 
CZ,Y70-74,total,589873 
CZ,Y75-79,total,383895 
CZ,Y80-84,total,229168 
CZ,Y_GE75,total,816802 
CZ,Y_GE80,total,432907 
CZ,Y_GE85,total,203739 
CZ,Y_LT5,total,567172 
DE,TOTAL,female,42052522 
DE,UNK,female,0 
DE,Y10-14,female,1797750 
DE,Y15-19,female,1920778 
DE,Y20-24,female,2192260 
DE,Y25-29,female,2497399 
DE,Y30-34,female,2624948 
DE,Y35-39,female,2584099 
DE,Y40-44,female,2402780 
DE,Y45-49,female,2772302 
DE,Y5-9,female,1780063 
DE,Y50-54,female,3405726 
DE,Y55-59,female,3300544 
DE,Y60-64,female,2798189 
DE,Y65-69,female,2516863 
DE,Y70-74,female,1916659 
DE,Y75-79,female,2265773 
DE,Y80-84,female,1824473 
DE,Y_GE75,female,5629862 
DE,Y_GE80,female,3364089 
DE,Y_GE85,female,1539616 
DE,Y_LT5,female,1912300 
DE,TOTAL,male,40966691 
DE,UNK,male,0 
DE,Y10-14,male,1904430 
DE,Y15-19,male,2082699 
DE,Y20-24,male,2415012 
DE,Y25-29,male,2695936 
DE,Y30-34,male,2784081 
DE,Y35-39,male,2653317 
DE,Y40-44,male,2438958 
DE,Y45-49,male,2812217 
DE,Y5-9,male,1882175 
DE,Y50-54,male,3470222 
DE,Y55-59,male,3297674 
DE,Y60-64,male,2695725 
DE,Y65-69,male,2291634 
DE,Y70-74,male,1679886 
DE,Y75-79,male,1823611 
DE,Y80-84,male,1287124 
DE,Y_GE75,male,3848628 
DE,Y_GE80,male,2025017 
DE,Y_GE85,male,737893 
DE,Y_LT5,male,2014097 
DE,TOTAL,total,83019213 
DE,UNK,total,0 
DE,Y10-14,total,3702180 
DE,Y15-19,total,4003477 
DE,Y20-24,total,4607272 
DE,Y25-29,total,5193335 
DE,Y30-34,total,5409029 
DE,Y35-39,total,5237416 
DE,Y40-44,total,4841738 
DE,Y45-49,total,5584519 
DE,Y5-9,total,3662238 
DE,Y50-54,total,6875948 
DE,Y55-59,total,6598218 
DE,Y60-64,total,5493914 
DE,Y65-69,total,4808497 
DE,Y70-74,total,3596545 
DE,Y75-79,total,4089384 
DE,Y80-84,total,3111597 
DE,Y_GE75,total,9478490 
DE,Y_GE80,total,5389106 
DE,Y_GE85,total,2277509 
DE,Y_LT5,total,3926397 
DK,TOTAL,female,2917008 
DK,UNK,female,0 
DK,Y10-14,female,165351 
DK,Y15-19,female,168141 
DK,Y20-24,female,190343 
DK,Y25-29,female,193458 
DK,Y30-34,female,170428 
DK,Y35-39,female,164829 
DK,Y40-44,female,185852 
DK,Y45-49,female,194245 
DK,Y5-9,female,152740 
DK,Y50-54,female,208488 
DK,Y55-59,female,188323 
DK,Y60-64,female,172998 
DK,Y65-69,female,163988 
DK,Y70-74,female,169738 
DK,Y75-79,female,119891 
DK,Y80-84,female,80382 
DK,Y_GE75,female,279817 
DK,Y_GE80,female,159926 
DK,Y_GE85,female,79544 
DK,Y_LT5,female,148269 
DK,TOTAL,male,2889073 
DK,UNK,male,0 
DK,Y10-14,male,173903 
DK,Y15-19,male,176274 
DK,Y20-24,male,198647 
DK,Y25-29,male,201431 
DK,Y30-34,male,177846 
DK,Y35-39,male,168058 
DK,Y40-44,male,186713 
DK,Y45-49,male,195838 
DK,Y5-9,male,160513 
DK,Y50-54,male,212293 
DK,Y55-59,male,188671 
DK,Y60-64,male,169672 
DK,Y65-69,male,156271 
DK,Y70-74,male,158527 
DK,Y75-79,male,103902 
DK,Y80-84,male,61706 
DK,Y_GE75,male,207722 
DK,Y_GE80,male,103820 
DK,Y_GE85,male,42114 
DK,Y_LT5,male,156694 
DK,TOTAL,total,5806081 
DK,UNK,total,0 
DK,Y10-14,total,339254 
DK,Y15-19,total,344415 
DK,Y20-24,total,388990 
DK,Y25-29,total,394889 
DK,Y30-34,total,348274 
DK,Y35-39,total,332887 
DK,Y40-44,total,372565 
DK,Y45-49,total,390083 
DK,Y5-9,total,313253 
DK,Y50-54,total,420781 
DK,Y55-59,total,376994 
DK,Y60-64,total,342670 
DK,Y65-69,total,320259 
DK,Y70-74,total,328265 
DK,Y75-79,total,223793 
DK,Y80-84,total,142088 
DK,Y_GE75,total,487539 
DK,Y_GE80,total,263746 
DK,Y_GE85,total,121658 
DK,Y_LT5,total,304963 
EE,TOTAL,female,699185 
EE,UNK,female,0 
EE,Y10-14,female,35154 
EE,Y15-19,female,29883 
EE,Y20-24,female,31643 
EE,Y25-29,female,41925 
EE,Y30-34,female,47437 
EE,Y35-39,female,44816 
EE,Y40-44,female,44218 
EE,Y45-49,female,45292 
EE,Y5-9,female,36221 
EE,Y50-54,female,42517 
EE,Y55-59,female,46886 
EE,Y60-64,female,47297 
EE,Y65-69,female,45503 
EE,Y70-74,female,36137 
EE,Y75-79,female,34427 
EE,Y80-84,female,29027 
EE,Y_GE75,female,90027 
EE,Y_GE80,female,55600 
EE,Y_GE85,female,26573 
EE,Y_LT5,female,34229 
EE,TOTAL,male,625635 
EE,UNK,male,0 
EE,Y10-14,male,37358 
EE,Y15-19,male,31344 
EE,Y20-24,male,33049 
EE,Y25-29,male,46208 
EE,Y30-34,male,52137 
EE,Y35-39,male,48129 
EE,Y40-44,male,46483 
EE,Y45-49,male,46055 
EE,Y5-9,male,37955 
EE,Y50-54,male,40588 
EE,Y55-59,male,41833 
EE,Y60-64,male,37809 
EE,Y65-69,male,31841 
EE,Y70-74,male,21967 
EE,Y75-79,male,17256 
EE,Y80-84,male,11517 
EE,Y_GE75,male,36373 
EE,Y_GE80,male,19117 
EE,Y_GE85,male,7600 
EE,Y_LT5,male,36506 
EE,TOTAL,total,1324820 
EE,UNK,total,0 
EE,Y10-14,total,72512 
EE,Y15-19,total,61227 
EE,Y20-24,total,64692 
EE,Y25-29,total,88133 
EE,Y30-34,total,99574 
EE,Y35-39,total,92945 
EE,Y40-44,total,90701 
EE,Y45-49,total,91347 
EE,Y5-9,total,74176 
EE,Y50-54,total,83105 
EE,Y55-59,total,88719 
EE,Y60-64,total,85106 
EE,Y65-69,total,77344 
EE,Y70-74,total,58104 
EE,Y75-79,total,51683 
EE,Y80-84,total,40544 
EE,Y_GE75,total,126400 
EE,Y_GE80,total,74717 
EE,Y_GE85,total,34173 
EE,Y_LT5,total,70735 
EL,TOTAL,female,5516306 
EL,UNK,female,0 
EL,Y10-14,female,263429 
EL,Y15-19,female,262687 
EL,Y20-24,female,265850 
EL,Y25-29,female,279643 
EL,Y30-34,female,305389 
EL,Y35-39,female,382507 
EL,Y40-44,female,404656 
EL,Y45-49,female,412102 
EL,Y5-9,female,256980 
EL,Y50-54,female,405972 
EL,Y55-59,female,380563 
EL,Y60-64,female,355526 
EL,Y65-69,female,321158 
EL,Y70-74,female,301680 
EL,Y75-79,female,243441 
EL,Y80-84,female,230859 
EL,Y_GE75,female,691220 
EL,Y_GE80,female,447779 
EL,Y_GE85,female,216920 
EL,Y_LT5,female,226944 
EL,TOTAL,male,5208293 
EL,UNK,male,0 
EL,Y10-14,male,278937 
EL,Y15-19,male,283450 
EL,Y20-24,male,286472 
EL,Y25-29,male,289329 
EL,Y30-34,male,304326 
EL,Y35-39,male,383663 
EL,Y40-44,male,397530 
EL,Y45-49,male,393951 
EL,Y5-9,male,271053 
EL,Y50-54,male,376235 
EL,Y55-59,male,338020 
EL,Y60-64,male,316380 
EL,Y65-69,male,285694 
EL,Y70-74,male,255713 
EL,Y75-79,male,195153 
EL,Y80-84,male,163766 
EL,Y_GE75,male,507808 
EL,Y_GE80,male,312655 
EL,Y_GE85,male,148889 
EL,Y_LT5,male,239732 
EL,TOTAL,total,10724599 
EL,UNK,total,0 
EL,Y10-14,total,542366 
EL,Y15-19,total,546137 
EL,Y20-24,total,552322 
EL,Y25-29,total,568972 
EL,Y30-34,total,609715 
EL,Y35-39,total,766170 
EL,Y40-44,total,802186 
EL,Y45-49,total,806053 
EL,Y5-9,total,528033 
EL,Y50-54,total,782207 
EL,Y55-59,total,718583 
EL,Y60-64,total,671906 
EL,Y65-69,total,606852 
EL,Y70-74,total,557393 
EL,Y75-79,total,438594 
EL,Y80-84,total,394625 
EL,Y_GE75,total,1199028 
EL,Y_GE80,total,760434 
EL,Y_GE85,total,365809 
EL,Y_LT5,total,466676 
ES,TOTAL,female,23927801 
ES,UNK,female,0 
ES,Y10-14,female,1213307 
ES,Y15-19,female,1129408 
ES,Y20-24,female,1118918 
ES,Y25-29,female,1251284 
ES,Y30-34,female,1406272 
ES,Y35-39,female,1719670 
ES,Y40-44,female,1969997 
ES,Y45-49,female,1887525 
ES,Y5-9,female,1141416 
ES,Y50-54,female,1824748 
ES,Y55-59,female,1661555 
ES,Y60-64,female,1445592 
ES,Y65-69,female,1258299 
ES,Y70-74,female,1176044 
ES,Y75-79,female,908113 
ES,Y80-84,female,810038 
ES,Y_GE75,female,2720492 
ES,Y_GE80,female,1812379 
ES,Y_GE85,female,1002341 
ES,Y_LT5,female,1003274 
ES,TOTAL,male,23009259 
ES,UNK,male,0 
ES,Y10-14,male,1292421 
ES,Y15-19,male,1202753 
ES,Y20-24,male,1169404 
ES,Y25-29,male,1273836 
ES,Y30-34,male,1395386 
ES,Y35-39,male,1716735 
ES,Y40-44,male,2014584 
ES,Y45-49,male,1924615 
ES,Y5-9,male,1215470 
ES,Y50-54,male,1815339 
ES,Y55-59,male,1611961 
ES,Y60-64,male,1361786 
ES,Y65-69,male,1147954 
ES,Y70-74,male,1011942 
ES,Y75-79,male,722339 
ES,Y80-84,male,553031 
ES,Y_GE75,male,1790844 
ES,Y_GE80,male,1068505 
ES,Y_GE85,male,515474 
ES,Y_LT5,male,1064229 
ES,TOTAL,total,46937060 
ES,UNK,total,0 
ES,Y10-14,total,2505728 
ES,Y15-19,total,2332161 
ES,Y20-24,total,2288322 
ES,Y25-29,total,2525120 
ES,Y30-34,total,2801658 
ES,Y35-39,total,3436405 
ES,Y40-44,total,3984581 
ES,Y45-49,total,3812140 
ES,Y5-9,total,2356886 
ES,Y50-54,total,3640087 
ES,Y55-59,total,3273516 
ES,Y60-64,total,2807378 
ES,Y65-69,total,2406253 
ES,Y70-74,total,2187986 
ES,Y75-79,total,1630452 
ES,Y80-84,total,1363069 
ES,Y_GE75,total,4511336 
ES,Y_GE80,total,2880884 
ES,Y_GE85,total,1517815 
ES,Y_LT5,total,2067503 
FI,TOTAL,female,2794629 
FI,UNK,female,0 
FI,Y10-14,female,149356 
FI,Y15-19,female,144041 
FI,Y20-24,female,155877 
FI,Y25-29,female,172237 
FI,Y30-34,female,169564 
FI,Y35-39,female,172424 
FI,Y40-44,female,166596 
FI,Y45-49,female,155005 
FI,Y5-9,female,151005 
FI,Y50-54,female,181247 
FI,Y55-59,female,185077 
FI,Y60-64,female,185506 
FI,Y65-69,female,187930 
FI,Y70-74,female,176154 
FI,Y75-79,female,117326 
FI,Y80-84,female,92842 
FI,Y_GE75,female,311981 
FI,Y_GE80,female,194655 
FI,Y_GE85,female,101813 
FI,Y_LT5,female,130629 
FI,TOTAL,male,2723290 
FI,UNK,male,0 
FI,Y10-14,male,156182 
FI,Y15-19,male,152126 
FI,Y20-24,male,164499 
FI,Y25-29,male,182635 
FI,Y30-34,male,180832 
FI,Y35-39,male,183327 
FI,Y40-44,male,175769 
FI,Y45-49,male,160573 
FI,Y5-9,male,158005 
FI,Y50-54,male,183302 
FI,Y55-59,male,183156 
FI,Y60-64,male,177055 
FI,Y65-69,male,174278 
FI,Y70-74,male,154506 
FI,Y75-79,male,91933 
FI,Y80-84,male,62247 
FI,Y_GE75,male,199988 
FI,Y_GE80,male,108055 
FI,Y_GE85,male,45808 
FI,Y_LT5,male,137057 
FI,TOTAL,total,5517919 
FI,UNK,total,0 
FI,Y10-14,total,305538 
FI,Y15-19,total,296167 
FI,Y20-24,total,320376 
FI,Y25-29,total,354872 
FI,Y30-34,total,350396 
FI,Y35-39,total,355751 
FI,Y40-44,total,342365 
FI,Y45-49,total,315578 
FI,Y5-9,total,309010 
FI,Y50-54,total,364549 
FI,Y55-59,total,368233 
FI,Y60-64,total,362561 
FI,Y65-69,total,362208 
FI,Y70-74,total,330660 
FI,Y75-79,total,209259 
FI,Y80-84,total,155089 
FI,Y_GE75,total,511969 
FI,Y_GE80,total,302710 
FI,Y_GE85,total,147621 
FI,Y_LT5,total,267686 
FR,TOTAL,female,34626376 
FR,UNK,female,0 
FR,Y10-14,female,2044716 
FR,Y15-19,female,2013105 
FR,Y20-24,female,1847479 
FR,Y25-29,female,1919039 
FR,Y30-34,female,2090095 
FR,Y35-39,female,2170870 
FR,Y40-44,female,2081950 
FR,Y45-49,female,2301082 
FR,Y5-9,female,2015946 
FR,Y50-54,female,2270654 
FR,Y55-59,female,2225521 
FR,Y60-64,female,2136830 
FR,Y65-69,female,2069050 
FR,Y70-74,female,1751908 
FR,Y75-79,female,1212426 
FR,Y80-84,female,1114754 
FR,Y_GE75,female,3854706 
FR,Y_GE80,female,2642280 
FR,Y_GE85,female,1527526 
FR,Y_LT5,female,1833425 
FR,TOTAL,male,32386507 
FR,UNK,male,0 
FR,Y10-14,male,2138896 
FR,Y15-19,male,2123150 
FR,Y20-24,male,1888654 
FR,Y25-29,male,1871277 
FR,Y30-34,male,1972390 
FR,Y35-39,male,2065290 
FR,Y40-44,male,2025829 
FR,Y45-49,male,2254674 
FR,Y5-9,male,2106605 
FR,Y50-54,male,2189811 
FR,Y55-59,male,2102284 
FR,Y60-64,male,1944956 
FR,Y65-69,male,1848395 
FR,Y70-74,male,1514787 
FR,Y75-79,male,966842 
FR,Y80-84,male,759397 
FR,Y_GE75,male,2431227 
FR,Y_GE80,male,1464385 
FR,Y_GE85,male,704988 
FR,Y_LT5,male,1908282 
FR,TOTAL,total,67012883 
FR,UNK,total,0 
FR,Y10-14,total,4183612 
FR,Y15-19,total,4136255 
FR,Y20-24,total,3736133 
FR,Y25-29,total,3790316 
FR,Y30-34,total,4062485 
FR,Y35-39,total,4236160 
FR,Y40-44,total,4107779 
FR,Y45-49,total,4555756 
FR,Y5-9,total,4122551 
FR,Y50-54,total,4460465 
FR,Y55-59,total,4327805 
FR,Y60-64,total,4081786 
FR,Y65-69,total,3917445 
FR,Y70-74,total,3266695 
FR,Y75-79,total,2179268 
FR,Y80-84,total,1874151 
FR,Y_GE75,total,6285933 
FR,Y_GE80,total,4106665 
FR,Y_GE85,total,2232514 
FR,Y_LT5,total,3741707 
HR,TOTAL,female,2103674 
HR,UNK,female,0 
HR,Y10-14,female,97340 
HR,Y15-19,female,99495 
HR,Y20-24,female,116776 
HR,Y25-29,female,116308 
HR,Y30-34,female,128438 
HR,Y35-39,female,138338 
HR,Y40-44,female,135763 
HR,Y45-49,female,132683 
HR,Y5-9,female,98066 
HR,Y50-54,female,144566 
HR,Y55-59,female,152665 
HR,Y60-64,female,154934 
HR,Y65-69,female,141425 
HR,Y70-74,female,109146 
HR,Y75-79,female,101545 
HR,Y80-84,female,82757 
HR,Y_GE75,female,247766 
HR,Y_GE80,female,146221 
HR,Y_GE85,female,63464 
HR,Y_LT5,female,89965 
HR,TOTAL,male,1972572 
HR,UNK,male,0 
HR,Y10-14,male,103125 
HR,Y15-19,male,104954 
HR,Y20-24,male,123799 
HR,Y25-29,male,123105 
HR,Y30-34,male,133589 
HR,Y35-39,male,143693 
HR,Y40-44,male,139620 
HR,Y45-49,male,134088 
HR,Y5-9,male,104128 
HR,Y50-54,male,140758 
HR,Y55-59,male,143565 
HR,Y60-64,male,142724 
HR,Y65-69,male,121354 
HR,Y70-74,male,81201 
HR,Y75-79,male,66295 
HR,Y80-84,male,45618 
HR,Y_GE75,male,137707 
HR,Y_GE80,male,71412 
HR,Y_GE85,male,25794 
HR,Y_LT5,male,95162 
HR,TOTAL,total,4076246 
HR,UNK,total,0 
HR,Y10-14,total,200465 
HR,Y15-19,total,204449 
HR,Y20-24,total,240575 
HR,Y25-29,total,239413 
HR,Y30-34,total,262027 
HR,Y35-39,total,282031 
HR,Y40-44,total,275383 
HR,Y45-49,total,266771 
HR,Y5-9,total,202194 
HR,Y50-54,total,285324 
HR,Y55-59,total,296230 
HR,Y60-64,total,297658 
HR,Y65-69,total,262779 
HR,Y70-74,total,190347 
HR,Y75-79,total,167840 
HR,Y80-84,total,128375 
HR,Y_GE75,total,385473 
HR,Y_GE80,total,217633 
HR,Y_GE85,total,89258 
HR,Y_LT5,total,185127 
HU,TOTAL,female,5096935 
HU,UNK,female,0 
HU,Y10-14,female,240423 
HU,Y15-19,female,236508 
HU,Y20-24,female,272262 
HU,Y25-29,female,303908 
HU,Y30-34,female,296687 
HU,Y35-39,female,336011 
HU,Y40-44,female,422530 
HU,Y45-49,female,357079 
HU,Y5-9,female,223294 
HU,Y50-54,female,322650 
HU,Y55-59,female,304742 
HU,Y60-64,female,379905 
HU,Y65-69,female,352328 
HU,Y70-74,female,283333 
HU,Y75-79,female,231599 
HU,Y80-84,female,161883 
HU,Y_GE75,female,537207 
HU,Y_GE80,female,305608 
HU,Y_GE85,female,143725 
HU,Y_LT5,female,228068 
HU,TOTAL,male,4675821 
HU,UNK,male,0 
HU,Y10-14,male,253532 
HU,Y15-19,male,250546 
HU,Y20-24,male,289541 
HU,Y25-29,male,325446 
HU,Y30-34,male,315030 
HU,Y35-39,male,345806 
HU,Y40-44,male,433920 
HU,Y45-49,male,362642 
HU,Y5-9,male,235885 
HU,Y50-54,male,315080 
HU,Y55-59,male,275799 
HU,Y60-64,male,314966 
HU,Y65-69,male,265009 
HU,Y70-74,male,191850 
HU,Y75-79,male,132807 
HU,Y80-84,male,73952 
HU,Y_GE75,male,260232 
HU,Y_GE80,male,127425 
HU,Y_GE85,male,53473 
HU,Y_LT5,male,240537 
HU,TOTAL,total,9772756 
HU,UNK,total,0 
HU,Y10-14,total,493955 
HU,Y15-19,total,487054 
HU,Y20-24,total,561803 
HU,Y25-29,total,629354 
HU,Y30-34,total,611717 
HU,Y35-39,total,681817 
HU,Y40-44,total,856450 
HU,Y45-49,total,719721 
HU,Y5-9,total,459179 
HU,Y50-54,total,637730 
HU,Y55-59,total,580541 
HU,Y60-64,total,694871 
HU,Y65-69,total,617337 
HU,Y70-74,total,475183 
HU,Y75-79,total,364406 
HU,Y80-84,total,235835 
HU,Y_GE75,total,797439 
HU,Y_GE80,total,433033 
HU,Y_GE85,total,197198 
HU,Y_LT5,total,468605 
IE,TOTAL,female,2475359 
IE,UNK,female,0 
IE,Y10-14,female,165152 
IE,Y15-19,female,156421 
IE,Y20-24,female,144826 
IE,Y25-29,female,144638 
IE,Y30-34,female,172410 
IE,Y35-39,female,205518 
IE,Y40-44,female,191398 
IE,Y45-49,female,174839 
IE,Y5-9,female,172765 
IE,Y50-54,female,155590 
IE,Y55-59,female,143830 
IE,Y60-64,female,126620 
IE,Y65-69,female,110324 
IE,Y70-74,female,93118 
IE,Y75-79,female,66216 
IE,Y80-84,female,48526 
IE,Y_GE75,female,163447 
IE,Y_GE80,female,97231 
IE,Y_GE85,female,48705 
IE,Y_LT5,female,154463 
IE,TOTAL,male,2428881 
IE,UNK,male,0 
IE,Y10-14,male,173776 
IE,Y15-19,male,162916 
IE,Y20-24,male,151356 
IE,Y25-29,male,145083 
IE,Y30-34,male,159864 
IE,Y35-39,male,191965 
IE,Y40-44,male,186232 
IE,Y45-49,male,173137 
IE,Y5-9,male,180638 
IE,Y50-54,male,153407 
IE,Y55-59,male,140325 
IE,Y60-64,male,124668 
IE,Y65-69,male,108056 
IE,Y70-74,male,90052 
IE,Y75-79,male,59849 
IE,Y80-84,male,38567 
IE,Y_GE75,male,126442 
IE,Y_GE80,male,66593 
IE,Y_GE85,male,28026 
IE,Y_LT5,male,160964 
IE,TOTAL,total,4904240 
IE,UNK,total,0 
IE,Y10-14,total,338928 
IE,Y15-19,total,319337 
IE,Y20-24,total,296182 
IE,Y25-29,total,289721 
IE,Y30-34,total,332274 
IE,Y35-39,total,397483 
IE,Y40-44,total,377630 
IE,Y45-49,total,347976 
IE,Y5-9,total,353403 
IE,Y50-54,total,308997 
IE,Y55-59,total,284155 
IE,Y60-64,total,251288 
IE,Y65-69,total,218380 
IE,Y70-74,total,183170 
IE,Y75-79,total,126065 
IE,Y80-84,total,87093 
IE,Y_GE75,total,289889 
IE,Y_GE80,total,163824 
IE,Y_GE85,total,76731 
IE,Y_LT5,total,315427 
IS,TOTAL,female,174154 
IS,UNK,female,0 
IS,Y10-14,female,11167 
IS,Y15-19,female,10909 
IS,Y20-24,female,12473 
IS,Y25-29,female,13769 
IS,Y30-34,female,12006 
IS,Y35-39,female,12011 
IS,Y40-44,female,10991 
IS,Y45-49,female,10867 
IS,Y5-9,female,11569 
IS,Y50-54,female,10949 
IS,Y55-59,female,10824 
IS,Y60-64,female,9856 
IS,Y65-69,female,8165 
IS,Y70-74,female,6529 
IS,Y75-79,female,4587 
IS,Y80-84,female,3289 
IS,Y_GE75,female,11795 
IS,Y_GE80,female,7208 
IS,Y_GE85,female,3919 
IS,Y_LT5,female,10274 
IS,TOTAL,male,182837 
IS,UNK,male,0 
IS,Y10-14,male,11802 
IS,Y15-19,male,11036 
IS,Y20-24,male,13440 
IS,Y25-29,male,15802 
IS,Y30-34,male,13983 
IS,Y35-39,male,13650 
IS,Y40-44,male,12052 
IS,Y45-49,male,11687 
IS,Y5-9,male,12051 
IS,Y50-54,male,11141 
IS,Y55-59,male,11013 
IS,Y60-64,male,9976 
IS,Y65-69,male,8380 
IS,Y70-74,male,6485 
IS,Y75-79,male,4115 
IS,Y80-84,male,2793 
IS,Y_GE75,male,9385 
IS,Y_GE80,male,5270 
IS,Y_GE85,male,2477 
IS,Y_LT5,male,10954 
IS,TOTAL,total,356991 
IS,UNK,total,0 
IS,Y10-14,total,22969 
IS,Y15-19,total,21945 
IS,Y20-24,total,25913 
IS,Y25-29,total,29571 
IS,Y30-34,total,25989 
IS,Y35-39,total,25661 
IS,Y40-44,total,23043 
IS,Y45-49,total,22554 
IS,Y5-9,total,23620 
IS,Y50-54,total,22090 
IS,Y55-59,total,21837 
IS,Y60-64,total,19832 
IS,Y65-69,total,16545 
IS,Y70-74,total,13014 
IS,Y75-79,total,8702 
IS,Y80-84,total,6082 
IS,Y_GE75,total,21180 
IS,Y_GE80,total,12478 
IS,Y_GE85,total,6396 
IS,Y_LT5,total,21228 
IT,TOTAL,female,30974780 
IT,UNK,female,0 
IT,Y10-14,female,1393040 
IT,Y15-19,female,1395234 
IT,Y20-24,female,1423224 
IT,Y25-29,female,1565842 
IT,Y30-34,female,1668144 
IT,Y35-39,female,1846923 
IT,Y40-44,female,2214897 
IT,Y45-49,female,2433968 
IT,Y5-9,female,1322302 
IT,Y50-54,female,2503912 
IT,Y55-59,female,2269709 
IT,Y60-64,female,1997803 
IT,Y65-69,female,1828370 
IT,Y70-74,female,1722428 
IT,Y75-79,female,1513105 
IT,Y80-84,female,1276137 
IT,Y_GE75,female,4237898 
IT,Y_GE80,female,2724793 
IT,Y_GE85,female,1448656 
IT,Y_LT5,female,1151086 
IT,TOTAL,male,29384766 
IT,UNK,male,0 
IT,Y10-14,male,1478693 
IT,Y15-19,male,1501907 
IT,Y20-24,male,1567021 
IT,Y25-29,male,1645183 
IT,Y30-34,male,1701202 
IT,Y35-39,male,1857949 
IT,Y40-44,male,2203460 
IT,Y45-49,male,2390329 
IT,Y5-9,male,1400494 
IT,Y50-54,male,2430424 
IT,Y55-59,male,2148186 
IT,Y60-64,male,1848434 
IT,Y65-69,male,1662603 
IT,Y70-74,male,1511424 
IT,Y75-79,male,1215576 
IT,Y80-84,male,900445 
IT,Y_GE75,male,2820857 
IT,Y_GE80,male,1605281 
IT,Y_GE85,male,704836 
IT,Y_LT5,male,1216600 
IT,TOTAL,total,60359546 
IT,UNK,total,0 
IT,Y10-14,total,2871733 
IT,Y15-19,total,2897141 
IT,Y20-24,total,2990245 
IT,Y25-29,total,3211025 
IT,Y30-34,total,3369346 
IT,Y35-39,total,3704872 
IT,Y40-44,total,4418357 
IT,Y45-49,total,4824297 
IT,Y5-9,total,2722796 
IT,Y50-54,total,4934336 
IT,Y55-59,total,4417895 
IT,Y60-64,total,3846237 
IT,Y65-69,total,3490973 
IT,Y70-74,total,3233852 
IT,Y75-79,total,2728681 
IT,Y80-84,total,2176582 
IT,Y_GE75,total,7058755 
IT,Y_GE80,total,4330074 
IT,Y_GE85,total,2153492 
IT,Y_LT5,total,2367686 
LI,TOTAL,female,19353 
LI,UNK,female,0 
LI,Y10-14,female,927 
LI,Y15-19,female,977 
LI,Y20-24,female,1089 
LI,Y25-29,female,1146 
LI,Y30-34,female,1220 
LI,Y35-39,female,1230 
LI,Y40-44,female,1279 
LI,Y45-49,female,1509 
LI,Y5-9,female,891 
LI,Y50-54,female,1679 
LI,Y55-59,female,1559 
LI,Y60-64,female,1296 
LI,Y65-69,female,1082 
LI,Y70-74,female,957 
LI,Y75-79,female,743 
LI,Y80-84,female,462 
LI,Y_GE75,female,1653 
LI,Y_GE80,female,910 
LI,Y_GE85,female,448 
LI,Y_LT5,female,859 
LI,TOTAL,male,19025 
LI,UNK,male,0 
LI,Y10-14,male,991 
LI,Y15-19,male,996 
LI,Y20-24,male,1133 
LI,Y25-29,male,1171 
LI,Y30-34,male,1185 
LI,Y35-39,male,1253 
LI,Y40-44,male,1269 
LI,Y45-49,male,1514 
LI,Y5-9,male,1015 
LI,Y50-54,male,1581 
LI,Y55-59,male,1520 
LI,Y60-64,male,1256 
LI,Y65-69,male,1060 
LI,Y70-74,male,922 
LI,Y75-79,male,641 
LI,Y80-84,male,326 
LI,Y_GE75,male,1187 
LI,Y_GE80,male,546 
LI,Y_GE85,male,220 
LI,Y_LT5,male,972 
LI,TOTAL,total,38378 
LI,UNK,total,0 
LI,Y10-14,total,1918 
LI,Y15-19,total,1973 
LI,Y20-24,total,2222 
LI,Y25-29,total,2317 
LI,Y30-34,total,2405 
LI,Y35-39,total,2483 
LI,Y40-44,total,2548 
LI,Y45-49,total,3023 
LI,Y5-9,total,1906 
LI,Y50-54,total,3260 
LI,Y55-59,total,3079 
LI,Y60-64,total,2552 
LI,Y65-69,total,2142 
LI,Y70-74,total,1879 
LI,Y75-79,total,1384 
LI,Y80-84,total,788 
LI,Y_GE75,total,2840 
LI,Y_GE80,total,1456 
LI,Y_GE85,total,668 
LI,Y_LT5,total,1831 
LT,TOTAL,female,1498593 
LT,UNK,female,0 
LT,Y10-14,female,63347 
LT,Y15-19,female,66488 
LT,Y20-24,female,76250 
LT,Y25-29,female,89864 
LT,Y30-34,female,88434 
LT,Y35-39,female,81209 
LT,Y40-44,female,88979 
LT,Y45-49,female,101896 
LT,Y5-9,female,70592 
LT,Y50-54,female,106932 
LT,Y55-59,female,120272 
LT,Y60-64,female,106473 
LT,Y65-69,female,93331 
LT,Y70-74,female,76517 
LT,Y75-79,female,78031 
LT,Y80-84,female,63532 
LT,Y_GE75,female,196203 
LT,Y_GE80,female,118172 
LT,Y_GE85,female,54640 
LT,Y_LT5,female,71806 
LT,TOTAL,male,1295591 
LT,UNK,male,0 
LT,Y10-14,male,66121 
LT,Y15-19,male,70331 
LT,Y20-24,male,81359 
LT,Y25-29,male,97849 
LT,Y30-34,male,95412 
LT,Y35-39,male,85415 
LT,Y40-44,male,87125 
LT,Y45-49,male,96254 
LT,Y5-9,male,74096 
LT,Y50-54,male,96263 
LT,Y55-59,male,101577 
LT,Y60-64,male,81572 
LT,Y65-69,male,62020 
LT,Y70-74,male,43246 
LT,Y75-79,male,37689 
LT,Y80-84,male,25937 
LT,Y_GE75,male,81056 
LT,Y_GE80,male,43367 
LT,Y_GE85,male,17430 
LT,Y_LT5,male,75895 
LT,TOTAL,total,2794184 
LT,UNK,total,0 
LT,Y10-14,total,129468 
LT,Y15-19,total,136819 
LT,Y20-24,total,157609 
LT,Y25-29,total,187713 
LT,Y30-34,total,183846 
LT,Y35-39,total,166624 
LT,Y40-44,total,176104 
LT,Y45-49,total,198150 
LT,Y5-9,total,144688 
LT,Y50-54,total,203195 
LT,Y55-59,total,221849 
LT,Y60-64,total,188045 
LT,Y65-69,total,155351 
LT,Y70-74,total,119763 
LT,Y75-79,total,115720 
LT,Y80-84,total,89469 
LT,Y_GE75,total,277259 
LT,Y_GE80,total,161539 
LT,Y_GE85,total,72070 
LT,Y_LT5,total,147701 
LU,TOTAL,female,305174 
LU,UNK,female,0 
LU,Y10-14,female,15859 
LU,Y15-19,female,16109 
LU,Y20-24,female,18576 
LU,Y25-29,female,22415 
LU,Y30-34,female,23812 
LU,Y35-39,female,23871 
LU,Y40-44,female,22825 
LU,Y45-49,female,22442 
LU,Y5-9,female,16280 
LU,Y50-54,female,22237 
LU,Y55-59,female,19859 
LU,Y60-64,female,16508 
LU,Y65-69,female,13438 
LU,Y70-74,female,10801 
LU,Y75-79,female,8950 
LU,Y80-84,female,7239 
LU,Y_GE75,female,24211 
LU,Y_GE80,female,15261 
LU,Y_GE85,female,8022 
LU,Y_LT5,female,15931 
LU,TOTAL,male,308720 
LU,UNK,male,0 
LU,Y10-14,male,16801 
LU,Y15-19,male,17097 
LU,Y20-24,male,19462 
LU,Y25-29,male,23710 
LU,Y30-34,male,24051 
LU,Y35-39,male,24240 
LU,Y40-44,male,23352 
LU,Y45-49,male,23741 
LU,Y5-9,male,17075 
LU,Y50-54,male,24458 
LU,Y55-59,male,21271 
LU,Y60-64,male,16923 
LU,Y65-69,male,13274 
LU,Y70-74,male,10273 
LU,Y75-79,male,7310 
LU,Y80-84,male,5031 
LU,Y_GE75,male,16331 
LU,Y_GE80,male,9021 
LU,Y_GE85,male,3990 
LU,Y_LT5,male,16661 
LU,TOTAL,total,613894 
LU,UNK,total,0 
LU,Y10-14,total,32660 
LU,Y15-19,total,33206 
LU,Y20-24,total,38038 
LU,Y25-29,total,46125 
LU,Y30-34,total,47863 
LU,Y35-39,total,48111 
LU,Y40-44,total,46177 
LU,Y45-49,total,46183 
LU,Y5-9,total,33355 
LU,Y50-54,total,46695 
LU,Y55-59,total,41130 
LU,Y60-64,total,33431 
LU,Y65-69,total,26712 
LU,Y70-74,total,21074 
LU,Y75-79,total,16260 
LU,Y80-84,total,12270 
LU,Y_GE75,total,40542 
LU,Y_GE80,total,24282 
LU,Y_GE85,total,12012 
LU,Y_LT5,total,32592 
LV,TOTAL,female,1035059 
LV,UNK,female,0 
LV,Y10-14,female,49166 
LV,Y15-19,female,43386 
LV,Y20-24,female,41851 
LV,Y25-29,female,59947 
LV,Y30-34,female,67587 
LV,Y35-39,female,62978 
LV,Y40-44,female,63991 
LV,Y45-49,female,68254 
LV,Y5-9,female,47657 
LV,Y50-54,female,68068 
LV,Y55-59,female,77162 
LV,Y60-64,female,73417 
LV,Y65-69,female,66689 
LV,Y70-74,female,55230 
LV,Y75-79,female,58037 
LV,Y80-84,female,44049 
LV,Y_GE75,female,138696 
LV,Y_GE80,female,80659 
LV,Y_GE85,female,36610 
LV,Y_LT5,female,50980 
LV,TOTAL,male,884909 
LV,UNK,male,0 
LV,Y10-14,male,51525 
LV,Y15-19,male,45541 
LV,Y20-24,male,45226 
LV,Y25-29,male,63845 
LV,Y30-34,male,71430 
LV,Y35-39,male,64949 
LV,Y40-44,male,62361 
LV,Y45-49,male,64157 
LV,Y5-9,male,50564 
LV,Y50-54,male,61191 
LV,Y55-59,male,64246 
LV,Y60-64,male,56322 
LV,Y65-69,male,43780 
LV,Y70-74,male,31002 
LV,Y75-79,male,26728 
LV,Y80-84,male,16700 
LV,Y_GE75,male,53582 
LV,Y_GE80,male,26854 
LV,Y_GE85,male,10154 
LV,Y_LT5,male,55188 
LV,TOTAL,total,1919968 
LV,UNK,total,0 
LV,Y10-14,total,100691 
LV,Y15-19,total,88927 
LV,Y20-24,total,87077 
LV,Y25-29,total,123792 
LV,Y30-34,total,139017 
LV,Y35-39,total,127927 
LV,Y40-44,total,126352 
LV,Y45-49,total,132411 
LV,Y5-9,total,98221 
LV,Y50-54,total,129259 
LV,Y55-59,total,141408 
LV,Y60-64,total,129739 
LV,Y65-69,total,110469 
LV,Y70-74,total,86232 
LV,Y75-79,total,84765 
LV,Y80-84,total,60749 
LV,Y_GE75,total,192278 
LV,Y_GE80,total,107513 
LV,Y_GE85,total,46764 
LV,Y_LT5,total,106168 
ME,TOTAL,female,314470 
ME,UNK,female,0 
ME,Y10-14,female,17814 
ME,Y15-19,female,19425 
ME,Y20-24,female,19507 
ME,Y25-29,female,18927 
ME,Y30-34,female,22016 
ME,Y35-39,female,22529 
ME,Y40-44,female,21506 
ME,Y45-49,female,20661 
ME,Y5-9,female,17934 
ME,Y50-54,female,20408 
ME,Y55-59,female,21469 
ME,Y60-64,female,20792 
ME,Y65-69,female,18913 
ME,Y70-74,female,12301 
ME,Y75-79,female,10267 
ME,Y80-84,female,7441 
ME,Y_GE75,female,22444 
ME,Y_GE80,female,12177 
ME,Y_GE85,female,4736 
ME,Y_LT5,female,17824 
ME,TOTAL,male,307712 
ME,UNK,male,0 
ME,Y10-14,male,19475 
ME,Y15-19,male,20899 
ME,Y20-24,male,20751 
ME,Y25-29,male,20313 
ME,Y30-34,male,23297 
ME,Y35-39,male,22677 
ME,Y40-44,male,20908 
ME,Y45-49,male,19719 
ME,Y5-9,male,19471 
ME,Y50-54,male,19987 
ME,Y55-59,male,20427 
ME,Y60-64,male,19897 
ME,Y65-69,male,16370 
ME,Y70-74,male,9136 
ME,Y75-79,male,7074 
ME,Y80-84,male,5067 
ME,Y_GE75,male,15150 
ME,Y_GE80,male,8076 
ME,Y_GE85,male,3009 
ME,Y_LT5,male,19235 
ME,TOTAL,total,622182 
ME,UNK,total,0 
ME,Y10-14,total,37289 
ME,Y15-19,total,40324 
ME,Y20-24,total,40258 
ME,Y25-29,total,39240 
ME,Y30-34,total,45313 
ME,Y35-39,total,45206 
ME,Y40-44,total,42414 
ME,Y45-49,total,40380 
ME,Y5-9,total,37405 
ME,Y50-54,total,40395 
ME,Y55-59,total,41896 
ME,Y60-64,total,40689 
ME,Y65-69,total,35283 
ME,Y70-74,total,21437 
ME,Y75-79,total,17341 
ME,Y80-84,total,12508 
ME,Y_GE75,total,37594 
ME,Y_GE80,total,20253 
ME,Y_GE85,total,7745 
ME,Y_LT5,total,37059 
MK,TOTAL,female,1036932 
MK,UNK,female,146 
MK,Y10-14,female,54406 
MK,Y15-19,female,57937 
MK,Y20-24,female,66458 
MK,Y25-29,female,75586 
MK,Y30-34,female,80144 
MK,Y35-39,female,78738 
MK,Y40-44,female,74918 
MK,Y45-49,female,71781 
MK,Y5-9,female,55773 
MK,Y50-54,female,72044 
MK,Y55-59,female,68693 
MK,Y60-64,female,64705 
MK,Y65-69,female,57220 
MK,Y70-74,female,42329 
MK,Y75-79,female,30932 
MK,Y80-84,female,20047 
MK,Y_GE75,female,62123 
MK,Y_GE80,female,31191 
MK,Y_GE85,female,11144 
MK,Y_LT5,female,53931 
MK,TOTAL,male,1040200 
MK,UNK,male,33 
MK,Y10-14,male,57825 
MK,Y15-19,male,61733 
MK,Y20-24,male,70585 
MK,Y25-29,male,79680 
MK,Y30-34,male,83762 
MK,Y35-39,male,83099 
MK,Y40-44,male,77785 
MK,Y45-49,male,73030 
MK,Y5-9,male,60265 
MK,Y50-54,male,72716 
MK,Y55-59,male,68475 
MK,Y60-64,male,63208 
MK,Y65-69,male,50790 
MK,Y70-74,male,34514 
MK,Y75-79,male,23930 
MK,Y80-84,male,14381 
MK,Y_GE75,male,44945 
MK,Y_GE80,male,21015 
MK,Y_GE85,male,6634 
MK,Y_LT5,male,57755 
MK,TOTAL,total,2077132 
MK,UNK,total,179 
MK,Y10-14,total,112231 
MK,Y15-19,total,119670 
MK,Y20-24,total,137043 
MK,Y25-29,total,155266 
MK,Y30-34,total,163906 
MK,Y35-39,total,161837 
MK,Y40-44,total,152703 
MK,Y45-49,total,144811 
MK,Y5-9,total,116038 
MK,Y50-54,total,144760 
MK,Y55-59,total,137168 
MK,Y60-64,total,127913 
MK,Y65-69,total,108010 
MK,Y70-74,total,76843 
MK,Y75-79,total,54862 
MK,Y80-84,total,34428 
MK,Y_GE75,total,107068 
MK,Y_GE80,total,52206 
MK,Y_GE85,total,17778 
MK,Y_LT5,total,111686 
MT,TOTAL,female,241723 
MT,UNK,female,0 
MT,Y10-14,female,10200 
MT,Y15-19,female,10963 
MT,Y20-24,female,14792 
MT,Y25-29,female,20494 
MT,Y30-34,female,19446 
MT,Y35-39,female,18271 
MT,Y40-44,female,16606 
MT,Y45-49,female,14237 
MT,Y5-9,female,11090 
MT,Y50-54,female,13568 
MT,Y55-59,female,15284 
MT,Y60-64,female,15242 
MT,Y65-69,female,14536 
MT,Y70-74,female,14697 
MT,Y75-79,female,8033 
MT,Y80-84,female,6802 
MT,Y_GE75,female,20967 
MT,Y_GE80,female,12934 
MT,Y_GE85,female,6132 
MT,Y_LT5,female,11330 
MT,TOTAL,male,251836 
MT,UNK,male,0 
MT,Y10-14,male,10997 
MT,Y15-19,male,11357 
MT,Y20-24,male,17265 
MT,Y25-29,male,23017 
MT,Y30-34,male,22647 
MT,Y35-39,male,20839 
MT,Y40-44,male,18656 
MT,Y45-49,male,15668 
MT,Y5-9,male,11710 
MT,Y50-54,male,14389 
MT,Y55-59,male,15721 
MT,Y60-64,male,15413 
MT,Y65-69,male,14113 
MT,Y70-74,male,13447 
MT,Y75-79,male,6508 
MT,Y80-84,male,4858 
MT,Y_GE75,male,14420 
MT,Y_GE80,male,7912 
MT,Y_GE85,male,3054 
MT,Y_LT5,male,12177 
MT,TOTAL,total,493559 
MT,UNK,total,0 
MT,Y10-14,total,21197 
MT,Y15-19,total,22320 
MT,Y20-24,total,32057 
MT,Y25-29,total,43511 
MT,Y30-34,total,42093 
MT,Y35-39,total,39110 
MT,Y40-44,total,35262 
MT,Y45-49,total,29905 
MT,Y5-9,total,22800 
MT,Y50-54,total,27957 
MT,Y55-59,total,31005 
MT,Y60-64,total,30655 
MT,Y65-69,total,28649 
MT,Y70-74,total,28144 
MT,Y75-79,total,14541 
MT,Y80-84,total,11660 
MT,Y_GE75,total,35387 
MT,Y_GE80,total,20846 
MT,Y_GE85,total,9186 
MT,Y_LT5,total,23507 
NL,TOTAL,female,8701077 
NL,UNK,female,0 
NL,Y10-14,female,466784 
NL,Y15-19,female,513715 
NL,Y20-24,female,531643 
NL,Y25-29,female,552792 
NL,Y30-34,female,533531 
NL,Y35-39,female,514558 
NL,Y40-44,female,514928 
NL,Y45-49,female,619179 
NL,Y5-9,female,447209 
NL,Y50-54,female,634869 
NL,Y55-59,female,614931 
NL,Y60-64,female,550840 
NL,Y65-69,female,501068 
NL,Y70-74,female,467968 
NL,Y75-79,female,323806 
NL,Y80-84,female,240960 
NL,Y_GE75,female,814658 
NL,Y_GE80,female,490852 
NL,Y_GE85,female,249892 
NL,Y_LT5,female,422404 
NL,TOTAL,male,8581086 
NL,UNK,male,0 
NL,Y10-14,male,489531 
NL,Y15-19,male,538304 
NL,Y20-24,male,548282 
NL,Y25-29,male,569071 
NL,Y30-34,male,543375 
NL,Y35-39,male,516735 
NL,Y40-44,male,510460 
NL,Y45-49,male,616540 
NL,Y5-9,male,470233 
NL,Y50-54,male,641987 
NL,Y55-59,male,616601 
NL,Y60-64,male,545999 
NL,Y65-69,male,492006 
NL,Y70-74,male,445416 
NL,Y75-79,male,284920 
NL,Y80-84,male,181154 
NL,Y_GE75,male,592888 
NL,Y_GE80,male,307968 
NL,Y_GE85,male,126814 
NL,Y_LT5,male,443658 
NL,TOTAL,total,17282163 
NL,UNK,total,0 
NL,Y10-14,total,956315 
NL,Y15-19,total,1052019 
NL,Y20-24,total,1079925 
NL,Y25-29,total,1121863 
NL,Y30-34,total,1076906 
NL,Y35-39,total,1031293 
NL,Y40-44,total,1025388 
NL,Y45-49,total,1235719 
NL,Y5-9,total,917442 
NL,Y50-54,total,1276856 
NL,Y55-59,total,1231532 
NL,Y60-64,total,1096839 
NL,Y65-69,total,993074 
NL,Y70-74,total,913384 
NL,Y75-79,total,608726 
NL,Y80-84,total,422114 
NL,Y_GE75,total,1407546 
NL,Y_GE80,total,798820 
NL,Y_GE85,total,376706 
NL,Y_LT5,total,866062 
NO,TOTAL,female,2643139 
NO,UNK,female,0 
NO,Y10-14,female,155981 
NO,Y15-19,female,155334 
NO,Y20-24,female,164895 
NO,Y25-29,female,181578 
NO,Y30-34,female,178708 
NO,Y35-39,female,170931 
NO,Y40-44,female,170461 
NO,Y45-49,female,184354 
NO,Y5-9,female,155970 
NO,Y50-54,female,178097 
NO,Y55-59,female,159560 
NO,Y60-64,female,151153 
NO,Y65-69,female,136879 
NO,Y70-74,female,130391 
NO,Y75-79,female,87319 
NO,Y80-84,female,62110 
NO,Y_GE75,female,225836 
NO,Y_GE80,female,138517 
NO,Y_GE85,female,76407 
NO,Y_LT5,female,143011 
NO,TOTAL,male,2685073 
NO,UNK,male,0 
NO,Y10-14,male,164061 
NO,Y15-19,male,165165 
NO,Y20-24,male,176336 
NO,Y25-29,male,189610 
NO,Y30-34,male,186264 
NO,Y35-39,male,181466 
NO,Y40-44,male,179750 
NO,Y45-49,male,194074 
NO,Y5-9,male,164083 
NO,Y50-54,male,187947 
NO,Y55-59,male,166140 
NO,Y60-64,male,152590 
NO,Y65-69,male,136125 
NO,Y70-74,male,125400 
NO,Y75-79,male,76728 
NO,Y80-84,male,47100 
NO,Y_GE75,male,164210 
NO,Y_GE80,male,87482 
NO,Y_GE85,male,40382 
NO,Y_LT5,male,151852 
NO,TOTAL,total,5328212 
NO,UNK,total,0 
NO,Y10-14,total,320042 
NO,Y15-19,total,320499 
NO,Y20-24,total,341231 
NO,Y25-29,total,371188 
NO,Y30-34,total,364972 
NO,Y35-39,total,352397 
NO,Y40-44,total,350211 
NO,Y45-49,total,378428 
NO,Y5-9,total,320053 
NO,Y50-54,total,366044 
NO,Y55-59,total,325700 
NO,Y60-64,total,303743 
NO,Y65-69,total,273004 
NO,Y70-74,total,255791 
NO,Y75-79,total,164047 
NO,Y80-84,total,109210 
NO,Y_GE75,total,390046 
NO,Y_GE80,total,225999 
NO,Y_GE85,total,116789 
NO,Y_LT5,total,294863 
PL,TOTAL,female,19592436 
PL,UNK,female,0 
PL,Y10-14,female,936760 
PL,Y15-19,female,882368 
PL,Y20-24,female,1030139 
PL,Y25-29,female,1268623 
PL,Y30-34,female,1454041 
PL,Y35-39,female,1534251 
PL,Y40-44,female,1438016 
PL,Y45-49,female,1228360 
PL,Y5-9,female,968936 
PL,Y50-54,female,1131128 
PL,Y55-59,female,1275604 
PL,Y60-64,female,1462352 
PL,Y65-69,female,1328591 
PL,Y70-74,female,920928 
PL,Y75-79,female,653627 
PL,Y80-84,female,578973 
PL,Y_GE75,female,1799186 
PL,Y_GE80,female,1145559 
PL,Y_GE85,female,566586 
PL,Y_LT5,female,933153 
PL,TOTAL,male,18380376 
PL,UNK,male,0 
PL,Y10-14,male,985833 
PL,Y15-19,male,927377 
PL,Y20-24,male,1072518 
PL,Y25-29,male,1320546 
PL,Y30-34,male,1510709 
PL,Y35-39,male,1582900 
PL,Y40-44,male,1470338 
PL,Y45-49,male,1238904 
PL,Y5-9,male,1023244 
PL,Y50-54,male,1114988 
PL,Y55-59,male,1199272 
PL,Y60-64,male,1290543 
PL,Y65-69,male,1071706 
PL,Y70-74,male,669719 
PL,Y75-79,male,401097 
PL,Y80-84,male,295038 
PL,Y_GE75,male,915914 
PL,Y_GE80,male,514817 
PL,Y_GE85,male,219779 
PL,Y_LT5,male,985865 
PL,TOTAL,total,37972812 
PL,UNK,total,0 
PL,Y10-14,total,1922593 
PL,Y15-19,total,1809745 
PL,Y20-24,total,2102657 
PL,Y25-29,total,2589169 
PL,Y30-34,total,2964750 
PL,Y35-39,total,3117151 
PL,Y40-44,total,2908354 
PL,Y45-49,total,2467264 
PL,Y5-9,total,1992180 
PL,Y50-54,total,2246116 
PL,Y55-59,total,2474876 
PL,Y60-64,total,2752895 
PL,Y65-69,total,2400297 
PL,Y70-74,total,1590647 
PL,Y75-79,total,1054724 
PL,Y80-84,total,874011 
PL,Y_GE75,total,2715100 
PL,Y_GE80,total,1660376 
PL,Y_GE85,total,786365 
PL,Y_LT5,total,1919018 
PT,TOTAL,female,5424251 
PT,UNK,female,0 
PT,Y10-14,female,249639 
PT,Y15-19,female,270414 
PT,Y20-24,female,265978 
PT,Y25-29,female,274710 
PT,Y30-34,female,293745 
PT,Y35-39,female,357170 
PT,Y40-44,female,419405 
PT,Y45-49,female,406993 
PT,Y5-9,female,228539 
PT,Y50-54,female,395886 
PT,Y55-59,female,386514 
PT,Y60-64,female,357656 
PT,Y65-69,female,333878 
PT,Y70-74,female,301711 
PT,Y75-79,female,246993 
PT,Y80-84,female,214396 
PT,Y_GE75,female,671564 
PT,Y_GE80,female,424571 
PT,Y_GE85,female,210175 
PT,Y_LT5,female,210449 
PT,TOTAL,male,4852366 
PT,UNK,male,0 
PT,Y10-14,male,260712 
PT,Y15-19,male,282330 
PT,Y20-24,male,272727 
PT,Y25-29,male,272620 
PT,Y30-34,male,282370 
PT,Y35-39,male,328594 
PT,Y40-44,male,381711 
PT,Y45-49,male,368384 
PT,Y5-9,male,238215 
PT,Y50-54,male,354097 
PT,Y55-59,male,342424 
PT,Y60-64,male,311098 
PT,Y65-69,male,284295 
PT,Y70-74,male,236729 
PT,Y75-79,male,179163 
PT,Y80-84,male,136786 
PT,Y_GE75,male,416048 
PT,Y_GE80,male,236885 
PT,Y_GE85,male,100099 
PT,Y_LT5,male,220012 
PT,TOTAL,total,10276617 
PT,UNK,total,0 
PT,Y10-14,total,510351 
PT,Y15-19,total,552744 
PT,Y20-24,total,538705 
PT,Y25-29,total,547330 
PT,Y30-34,total,576115 
PT,Y35-39,total,685764 
PT,Y40-44,total,801116 
PT,Y45-49,total,775377 
PT,Y5-9,total,466754 
PT,Y50-54,total,749983 
PT,Y55-59,total,728938 
PT,Y60-64,total,668754 
PT,Y65-69,total,618173 
PT,Y70-74,total,538440 
PT,Y75-79,total,426156 
PT,Y80-84,total,351182 
PT,Y_GE75,total,1087612 
PT,Y_GE80,total,661456 
PT,Y_GE85,total,310274 
PT,Y_LT5,total,430461 
RO,TOTAL,female,9914008 
RO,UNK,female,0 
RO,Y10-14,female,513494 
RO,Y15-19,female,503975 
RO,Y20-24,female,495184 
RO,Y25-29,female,537078 
RO,Y30-34,female,649663 
RO,Y35-39,female,663598 
RO,Y40-44,female,759444 
RO,Y45-49,female,730862 
RO,Y5-9,female,478923 
RO,Y50-54,female,666360 
RO,Y55-59,female,567343 
RO,Y60-64,female,716478 
RO,Y65-69,female,673113 
RO,Y70-74,female,479832 
RO,Y75-79,female,400834 
RO,Y80-84,female,333614 
RO,Y_GE75,female,990704 
RO,Y_GE80,female,589870 
RO,Y_GE85,female,256256 
RO,Y_LT5,female,487957 
RO,TOTAL,male,9500450 
RO,UNK,male,0 
RO,Y10-14,male,542599 
RO,Y15-19,male,532460 
RO,Y20-24,male,520921 
RO,Y25-29,male,590060 
RO,Y30-34,male,704620 
RO,Y35-39,male,700375 
RO,Y40-44,male,795877 
RO,Y45-49,male,775480 
RO,Y5-9,male,507343 
RO,Y50-54,male,693564 
RO,Y55-59,male,548697 
RO,Y60-64,male,623820 
RO,Y65-69,male,533849 
RO,Y70-74,male,349894 
RO,Y75-79,male,252437 
RO,Y80-84,male,185512 
RO,Y_GE75,male,568965 
RO,Y_GE80,male,316528 
RO,Y_GE85,male,131016 
RO,Y_LT5,male,511926 
RO,TOTAL,total,19414458 
RO,UNK,total,0 
RO,Y10-14,total,1056093 
RO,Y15-19,total,1036435 
RO,Y20-24,total,1016105 
RO,Y25-29,total,1127138 
RO,Y30-34,total,1354283 
RO,Y35-39,total,1363973 
RO,Y40-44,total,1555321 
RO,Y45-49,total,1506342 
RO,Y5-9,total,986266 
RO,Y50-54,total,1359924 
RO,Y55-59,total,1116040 
RO,Y60-64,total,1340298 
RO,Y65-69,total,1206962 
RO,Y70-74,total,829726 
RO,Y75-79,total,653271 
RO,Y80-84,total,519126 
RO,Y_GE75,total,1559669 
RO,Y_GE80,total,906398 
RO,Y_GE85,total,387272 
RO,Y_LT5,total,999883 
RS,TOTAL,female,3570953 
RS,UNK,female,0 
RS,Y10-14,female,166108 
RS,Y15-19,female,171073 
RS,Y20-24,female,185085 
RS,Y25-29,female,206671 
RS,Y30-34,female,229323 
RS,Y35-39,female,241076 
RS,Y40-44,female,247380 
RS,Y45-49,female,236504 
RS,Y5-9,female,160234 
RS,Y50-54,female,235125 
RS,Y55-59,female,251275 
RS,Y60-64,female,271398 
RS,Y65-69,female,275269 
RS,Y70-74,female,191324 
RS,Y75-79,female,149251 
RS,Y80-84,female,115542 
RS,Y_GE75,female,346542 
RS,Y_GE80,female,197291 
RS,Y_GE85,female,81749 
RS,Y_LT5,female,156566 
RS,TOTAL,male,3392811 
RS,UNK,male,0 
RS,Y10-14,male,175951 
RS,Y15-19,male,181200 
RS,Y20-24,male,196179 
RS,Y25-29,male,216403 
RS,Y30-34,male,239214 
RS,Y35-39,male,248949 
RS,Y40-44,male,252358 
RS,Y45-49,male,235231 
RS,Y5-9,male,170059 
RS,Y50-54,male,225445 
RS,Y55-59,male,232800 
RS,Y60-64,male,242787 
RS,Y65-69,male,232525 
RS,Y70-74,male,148873 
RS,Y75-79,male,105798 
RS,Y80-84,male,74292 
RS,Y_GE75,male,227551 
RS,Y_GE80,male,121753 
RS,Y_GE85,male,47461 
RS,Y_LT5,male,167286 
RS,TOTAL,total,6963764 
RS,UNK,total,0 
RS,Y10-14,total,342059 
RS,Y15-19,total,352273 
RS,Y20-24,total,381264 
RS,Y25-29,total,423074 
RS,Y30-34,total,468537 
RS,Y35-39,total,490025 
RS,Y40-44,total,499738 
RS,Y45-49,total,471735 
RS,Y5-9,total,330293 
RS,Y50-54,total,460570 
RS,Y55-59,total,484075 
RS,Y60-64,total,514185 
RS,Y65-69,total,507794 
RS,Y70-74,total,340197 
RS,Y75-79,total,255049 
RS,Y80-84,total,189834 
RS,Y_GE75,total,574093 
RS,Y_GE80,total,319044 
RS,Y_GE85,total,129210 
RS,Y_LT5,total,323852 
SE,TOTAL,female,5087747 
SE,UNK,female,0 
SE,Y10-14,female,289113 
SE,Y15-19,female,265711 
SE,Y20-24,female,286425 
SE,Y25-29,female,360374 
SE,Y30-34,female,335686 
SE,Y35-39,female,312107 
SE,Y40-44,female,311921 
SE,Y45-49,female,324649 
SE,Y5-9,female,300939 
SE,Y50-54,female,338662 
SE,Y55-59,female,296233 
SE,Y60-64,female,282369 
SE,Y65-69,female,277788 
SE,Y70-74,female,288177 
SE,Y75-79,female,209682 
SE,Y80-84,female,146321 
SE,Y_GE75,female,524131 
SE,Y_GE80,female,314449 
SE,Y_GE85,female,168128 
SE,Y_LT5,female,293462 
SE,TOTAL,male,5142438 
SE,UNK,male,0 
SE,Y10-14,male,306645 
SE,Y15-19,male,293802 
SE,Y20-24,male,311168 
SE,Y25-29,male,380948 
SE,Y30-34,male,354455 
SE,Y35-39,male,328012 
SE,Y40-44,male,323915 
SE,Y45-49,male,333690 
SE,Y5-9,male,318534 
SE,Y50-54,male,349187 
SE,Y55-59,male,302734 
SE,Y60-64,male,282697 
SE,Y65-69,male,271523 
SE,Y70-74,male,275471 
SE,Y75-79,male,190937 
SE,Y80-84,male,115206 
SE,Y_GE75,male,398621 
SE,Y_GE80,male,207684 
SE,Y_GE85,male,92478 
SE,Y_LT5,male,311036 
SE,TOTAL,total,10230185 
SE,UNK,total,0 
SE,Y10-14,total,595758 
SE,Y15-19,total,559513 
SE,Y20-24,total,597593 
SE,Y25-29,total,741322 
SE,Y30-34,total,690141 
SE,Y35-39,total,640119 
SE,Y40-44,total,635836 
SE,Y45-49,total,658339 
SE,Y5-9,total,619473 
SE,Y50-54,total,687849 
SE,Y55-59,total,598967 
SE,Y60-64,total,565066 
SE,Y65-69,total,549311 
SE,Y70-74,total,563648 
SE,Y75-79,total,400619 
SE,Y80-84,total,261527 
SE,Y_GE75,total,922752 
SE,Y_GE80,total,522133 
SE,Y_GE85,total,260606 
SE,Y_LT5,total,604498 
SI,TOTAL,female,1042252 
SI,UNK,female,0 
SI,Y10-14,female,49067 
SI,Y15-19,female,44775 
SI,Y20-24,female,48343 
SI,Y25-29,female,54321 
SI,Y30-34,female,65109 
SI,Y35-39,female,72543 
SI,Y40-44,female,74099 
SI,Y45-49,female,70581 
SI,Y5-9,female,53627 
SI,Y50-54,female,75772 
SI,Y55-59,female,74130 
SI,Y60-64,female,73040 
SI,Y65-69,female,67075 
SI,Y70-74,female,49373 
SI,Y75-79,female,46163 
SI,Y80-84,female,36661 
SI,Y_GE75,female,120774 
SI,Y_GE80,female,74611 
SI,Y_GE85,female,37950 
SI,Y_LT5,female,49623 
SI,TOTAL,male,1038656 
SI,UNK,male,0 
SI,Y10-14,male,51616 
SI,Y15-19,male,48080 
SI,Y20-24,male,53597 
SI,Y25-29,male,60359 
SI,Y30-34,male,72603 
SI,Y35-39,male,81642 
SI,Y40-44,male,82483 
SI,Y45-49,male,76523 
SI,Y5-9,male,57090 
SI,Y50-54,male,78330 
SI,Y55-59,male,75417 
SI,Y60-64,male,72401 
SI,Y65-69,male,63965 
SI,Y70-74,male,41529 
SI,Y75-79,male,33916 
SI,Y80-84,male,22096 
SI,Y_GE75,male,70338 
SI,Y_GE80,male,36422 
SI,Y_GE85,male,14326 
SI,Y_LT5,male,52683 
SI,TOTAL,total,2080908 
SI,UNK,total,0 
SI,Y10-14,total,100683 
SI,Y15-19,total,92855 
SI,Y20-24,total,101940 
SI,Y25-29,total,114680 
SI,Y30-34,total,137712 
SI,Y35-39,total,154185 
SI,Y40-44,total,156582 
SI,Y45-49,total,147104 
SI,Y5-9,total,110717 
SI,Y50-54,total,154102 
SI,Y55-59,total,149547 
SI,Y60-64,total,145441 
SI,Y65-69,total,131040 
SI,Y70-74,total,90902 
SI,Y75-79,total,80079 
SI,Y80-84,total,58757 
SI,Y_GE75,total,191112 
SI,Y_GE80,total,111033 
SI,Y_GE85,total,52276 
SI,Y_LT5,total,102306 
SK,TOTAL,female,2789344 
SK,UNK,female,0 
SK,Y10-14,female,133060 
SK,Y15-19,female,129025 
SK,Y20-24,female,147404 
SK,Y25-29,female,186094 
SK,Y30-34,female,205461 
SK,Y35-39,female,214621 
SK,Y40-44,female,219875 
SK,Y45-49,female,188352 
SK,Y5-9,female,142850 
SK,Y50-54,female,176862 
SK,Y55-59,female,182013 
SK,Y60-64,female,193339 
SK,Y65-69,female,176582 
SK,Y70-74,female,129452 
SK,Y75-79,female,97561 
SK,Y80-84,female,66445 
SK,Y_GE75,female,222355 
SK,Y_GE80,female,124794 
SK,Y_GE85,female,58349 
SK,Y_LT5,female,141999 
SK,TOTAL,male,2661077 
SK,UNK,male,0 
SK,Y10-14,male,140628 
SK,Y15-19,male,135752 
SK,Y20-24,male,154833 
SK,Y25-29,male,194291 
SK,Y30-34,male,214575 
SK,Y35-39,male,228112 
SK,Y40-44,male,232624 
SK,Y45-49,male,193358 
SK,Y5-9,male,149972 
SK,Y50-54,male,175160 
SK,Y55-59,male,174262 
SK,Y60-64,male,172047 
SK,Y65-69,male,143218 
SK,Y70-74,male,90809 
SK,Y75-79,male,57184 
SK,Y80-84,male,31861 
SK,Y_GE75,male,111903 
SK,Y_GE80,male,54719 
SK,Y_GE85,male,22858 
SK,Y_LT5,male,149533 
SK,TOTAL,total,5450421 
SK,UNK,total,0 
SK,Y10-14,total,273688 
SK,Y15-19,total,264777 
SK,Y20-24,total,302237 
SK,Y25-29,total,380385 
SK,Y30-34,total,420036 
SK,Y35-39,total,442733 
SK,Y40-44,total,452499 
SK,Y45-49,total,381710 
SK,Y5-9,total,292822 
SK,Y50-54,total,352022 
SK,Y55-59,total,356275 
SK,Y60-64,total,365386 
SK,Y65-69,total,319800 
SK,Y70-74,total,220261 
SK,Y75-79,total,154745 
SK,Y80-84,total,98306 
SK,Y_GE75,total,334258 
SK,Y_GE80,total,179513 
SK,Y_GE85,total,81207 
SK,Y_LT5,total,291532 
TR,TOTAL,female,40863902 
TR,UNK,female,0 
TR,Y10-14,female,3086146 
TR,Y15-19,female,3124818 
TR,Y20-24,female,3199832 
TR,Y25-29,female,3086446 
TR,Y30-34,female,3127948 
TR,Y35-39,female,3259469 
TR,Y40-44,female,2892697 
TR,Y45-49,female,2640524 
TR,Y5-9,female,3094412 
TR,Y50-54,female,2329142 
TR,Y55-59,female,2095459 
TR,Y60-64,female,1753731 
TR,Y65-69,female,1366228 
TR,Y70-74,female,1021569 
TR,Y75-79,female,722725 
TR,Y80-84,female,474854 
TR,Y_GE75,female,1628275 
TR,Y_GE80,female,905550 
TR,Y_GE85,female,430696 
TR,Y_LT5,female,3157206 
TR,TOTAL,male,41139980 
TR,UNK,male,0 
TR,Y10-14,male,3254277 
TR,Y15-19,male,3299449 
TR,Y20-24,male,3347297 
TR,Y25-29,male,3190023 
TR,Y30-34,male,3205205 
TR,Y35-39,male,3316603 
TR,Y40-44,male,2953329 
TR,Y45-49,male,2670183 
TR,Y5-9,male,3264508 
TR,Y50-54,male,2372182 
TR,Y55-59,male,2076882 
TR,Y60-64,male,1692130 
TR,Y65-69,male,1245979 
TR,Y70-74,male,835353 
TR,Y75-79,male,539825 
TR,Y80-84,male,318882 
TR,Y_GE75,male,1088800 
TR,Y_GE80,male,548975 
TR,Y_GE85,male,230093 
TR,Y_LT5,male,3327780 
TR,TOTAL,total,82003882 
TR,UNK,total,0 
TR,Y10-14,total,6340423 
TR,Y15-19,total,6424267 
TR,Y20-24,total,6547129 
TR,Y25-29,total,6276469 
TR,Y30-34,total,6333153 
TR,Y35-39,total,6576072 
TR,Y40-44,total,5846026 
TR,Y45-49,total,5310707 
TR,Y5-9,total,6358920 
TR,Y50-54,total,4701324 
TR,Y55-59,total,4172341 
TR,Y60-64,total,3445861 
TR,Y65-69,total,2612207 
TR,Y70-74,total,1856922 
TR,Y75-79,total,1262550 
TR,Y80-84,total,793736 
TR,Y_GE75,total,2717075 
TR,Y_GE80,total,1454525 
TR,Y_GE85,total,660789 
TR,Y_LT5,total,6484986 
UK,TOTAL,female,33746076 
UK,UNK,female,0 
UK,Y10-14,female,1905838 
UK,Y15-19,female,1781153 
UK,Y20-24,female,2025916 
UK,Y25-29,female,2230480 
UK,Y30-34,female,2247810 
UK,Y35-39,female,2214048 
UK,Y40-44,female,2018718 
UK,Y45-49,female,2258056 
UK,Y5-9,female,2023822 
UK,Y50-54,female,2371789 
UK,Y55-59,female,2209719 
UK,Y60-64,female,1895601 
UK,Y65-69,female,1746144 
UK,Y70-74,female,1714332 
UK,Y75-79,female,1227315 
UK,Y80-84,female,952651 
UK,Y_GE75,female,3210143 
UK,Y_GE80,female,1982828 
UK,Y_GE85,female,1030177 
UK,Y_LT5,female,1892507 
UK,TOTAL,male,32901036 
UK,UNK,male,0 
UK,Y10-14,male,2002557 
UK,Y15-19,male,1880569 
UK,Y20-24,male,2144598 
UK,Y25-29,male,2296526 
UK,Y30-34,male,2237370 
UK,Y35-39,male,2173731 
UK,Y40-44,male,1989487 
UK,Y45-49,male,2199183 
UK,Y5-9,male,2122724 
UK,Y50-54,male,2297033 
UK,Y55-59,male,2142088 
UK,Y60-64,male,1820911 
UK,Y65-69,male,1638388 
UK,Y70-74,male,1572057 
UK,Y75-79,male,1054186 
UK,Y80-84,male,742486 
UK,Y_GE75,male,2391314 
UK,Y_GE80,male,1337128 
UK,Y_GE85,male,594642 
UK,Y_LT5,male,1992500 
UK,TOTAL,total,66647112 
UK,UNK,total,0 
UK,Y10-14,total,3908395 
UK,Y15-19,total,3661722 
UK,Y20-24,total,4170514 
UK,Y25-29,total,4527006 
UK,Y30-34,total,4485180 
UK,Y35-39,total,4387779 
UK,Y40-44,total,4008205 
UK,Y45-49,total,4457239 
UK,Y5-9,total,4146546 
UK,Y50-54,total,4668822 
UK,Y55-59,total,4351807 
UK,Y60-64,total,3716512 
UK,Y65-69,total,3384532 
UK,Y70-74,total,3286389 
UK,Y75-79,total,2281501 
UK,Y80-84,total,1695137 
UK,Y_GE75,total,5601457 
UK,Y_GE80,total,3319956 
UK,Y_GE85,total,1624819 
UK,Y_LT5,total,3885007 
